Word/Phrase,CEFR
a bit (adv.),A2
"a couple  (det.), (pron.)",B1
"a few (det.), (pron.)",A2
"a little (det.), (pron.)",A2
"a lot (det.), (pron.)",A1
"a, an (indefinite article) ",A1
a.m. (NAmE also A.M.) (abbr.) ,A1
abandon (v.) ,B2
abandoned (adj.) ,B2
ability (n.) ,B1
able (adj.) ,A2
"about (adv.), (prep.) ",A1
"above (prep.), (adv.) ",A1
abroad (adv.) ,B1
absence (n.) ,B2
absent (adj.) ,B1
absolute (adj.) ,B2
absolutely (adv.) ,B1
absorb (v.) ,B2
"abuse (n.), (v.) ",B2
academic (adj.) ,B2
accent (n.) ,B1
accept (v.) ,B1
acceptable (adj.) ,B1
access (n.) ,B1
accident (n.) ,A2
accidental (adj.) ,B2
accidentally (adv.) ,B2
accommodation (n.) ,B1
accompany (v.) ,B1
according to (prep.) ,B1
"account (n.), (v.) ",B1
accurate (adj.) ,B1
accurately (adv.) ,B1
accuse (v.) ,B2
achieve (v.) ,B1
achievement (n.) ,B1
acid (n.) ,B2
acknowledge (v.) ,C1
acquire (v.) ,B2
"across (adv.), (prep.) ",A2
"act (n.), (v.) ",B1
action (n.) ,B1
active (adj.) ,B1
actively (adv.) ,B2
activity (n.) ,A2
"actor, actress (n.) ",A2
actual (adj.) ,B2
actually (adv.) ,A2
ad (advertisement ),B1
adapt (v.) ,B2
add (v.) ,A2
addition (n.) ,B2
additional (adj.) ,B2
"address (n.), (v.) ",A1
adequate (adj.) ,B2
adequately (adv.) ,B2
adjust (v.) ,B2
admiration (n.) ,B2
admire (v.) ,B1
admit (v.) ,B1
adopt (v.) ,B2
"adult (n.), (adj.) ",A1
"advance (n.), (v.) ",B2
advanced (adj.) ,A2
advantage (n.) ,B1
adventure (n.) ,A2
advertise (v.) ,B1
"advertisement (also ad, advert) (n.) ",A2
advertising (n.) ,B2
advice (n.) ,A2
advise (v.) ,B1
affair (n.) ,B2
affect (v.) ,B2
affection (n.) ,B2
afford (v.) ,B1
afraid (adj.) ,A2
"after (prep.), (conj.), (adv.) ",A1
afternoon (n.) ,A1
afterwards (especially BrE; NAmE usually afterward) (adv.) ,A2
again (adv.) ,A1
against (prep.) ,A2
age (n.) ,A1
aged (adj.) ,A2
agency (n.) ,B1
agent (n.) ,B2
aggressive (adj.) ,B2
ago (adv.) ,A2
agree (v.) ,A2
agreement (n.) ,B2
ahead (adv.) ,B1
"aid (n.), (v.) ",C1
"aim (n.), (v.) ",B1
air (n.) ,A2
aircraft (n.) ,B2
airport (n.) ,A2
"alarm (n.), (v.) ",B1
alarmed (adj.) ,C1
alarming (adj.) ,C1
alcohol (n.) ,A2
"alcoholic (adj.), (n.) ",B1
alive (adj.) ,B1
"all (det.), (pron.), (adv.) ",A1
"all right (adj.), (adv.), (exclamation) ",A1
allied (adj.) ,C2
allow (v.) ,B1
"ally (n.), (v.) ",C1
almost (adv.) ,A2
"alone (adj.), (adv.) ",A2
"along (prep.), (adv.) ",A2
"alongside (prep.), (adv.) ",C1
aloud (adv.) ,B1
alphabet (n.) ,B1
alphabetical (adj.) ,B2
alphabetically (adv.) ,B2
already (adv.) ,A2
also (adv.) ,A1
alter (v.) ,B2
"alternative (n.), (adj.) ",B2
alternatively (adv.) ,B2
although (conj.) ,B1
altogether (adv.) ,B1
always (adv.) ,A1
amaze (v.) ,B1
amazed (adj.) ,B1
amazing (adj.) ,A2
ambition (n.) ,B1
ambulance (n.) ,A2
among (also amongst) (prep.) ,A2
"amount (n.), (v.) ",B1
amuse (v.) ,B2
amused (adj.) ,B2
amusing (adj.) ,B1
analyse (BrE) (NAmE analyze) (v.) ,B2
analysis (n.) ,B2
ancient (adj.) ,B1
and (conj.) ,A1
anger (n.) ,B2
angle (n.) ,C1
angrily (adv.) ,B1
angry (adj.) ,A2
animal (n.) ,A1
ankle (n.) ,B1
anniversary (n.) ,B1
announce (v.) ,B1
annoy (v.) ,B1
annoyed (adj.) ,B1
annoying (adj.) ,B1
annual (adj.) ,B1
annually (adv.) ,B2
"another (det.), (pron.)",A2
"answer (n.), (v.) ",A1
anti- (prefix) ,B2
anticipate (v.) ,C1
anxiety (n.) ,B2
anxious (adj.) ,B1
anxiously (adv.) ,B2
"any (det.), (pron.), (adv.) ",A1
anyone (also anybody) (pron.),A2
anything (pron.),A1
anyway (adv.) ,A2
anywhere (adv.) ,A2
apart (adv.) ,B1
apart from,B1
"apart from (also aside from, especially in NAmE) (prep.) ",B1
apartment (n.) (especially NAmE) ,A2
apologize (BrE also -ise) (v.) ,B1
apparent (adj.) ,B2
apparently (adv.) ,B2
"appeal (n.), (v.) ",B2
appear (v.) ,B1
appearance (n.) ,B1
apple (n.) ,A1
application (n.) ,B1
apply (v.) ,B1
appoint (v.) ,C1
appointment (n.) ,A2
appreciate (v.) ,B2
"approach (v.), (n.) ",B1
appropriate (adj.) ,B2
approval (n.) ,B2
approve (of) (v.) ,B1
approving (adj.) ,B1
approximate (adj.) ,B2
approximately (adv.) ,B1
April (n.) (abbr. Apr.) ,A1
area (n.) ,A2
argue (v.) ,B1
argument (n.) ,B1
arise (v.) ,C1
"arm (n.), (v.) ",A1
armed (adj.) ,B2
arms (n.) ,B2
army (n.) ,B1
"around (adv.), (prep.) ",A2
arrange (v.) ,B1
arrangement (n.) ,B1
"arrest (v.), (n.) ",B1
arrival (n.) ,B1
arrive (v.) ,A2
arrow (n.) ,B2
art (n.) ,A2
article (n.) ,B1
artificial (adj.) ,B2
artificially (adv.) ,B2
artist (n.) ,A2
artistic (adj.) ,B2
"as (prep.), (adv.), (conj.) ",A1
as soon as ,A2
as well (as) ,A1
ashamed (adj.) ,B1
aside (adv.) ,B2
aside from,B2
ask (v.) ,A1
asleep (adj.) ,B1
aspect (n.) ,B2
assist (v.) ,B2
assistance (n.) ,B2
"assistant (n.), (adj.) ",B1
associate (v.) ,C1
associated with ,B2
association (n.) ,B2
assume (v.) ,B2
assure (v.) ,B2
at (prep.) ,A1
at first ,B1
at least ,B1
atmosphere (n.) ,B1
atom (n.) ,B2
attach (v.) ,B1
attached (adj.) ,B2
"attack (n.), (v.) ",B1
"attempt (n.), (v.) ",B1
attempted (adj.) ,B1
attend (v.) ,B1
attention (n.) ,B1
attitude (n.) ,B1
attorney (n.) (especially NAmE) ,C1
attract (v.) ,B1
attraction (n.) ,B1
attractive (adj.) ,A2
audience (n.) ,B1
August (n.) (abbr. Aug.) ,A1
aunt (n.) ,A2
author (n.) ,B1
authority (n.) ,B2
automatic (adj.) ,B2
automatically (adv.) ,B2
autumn (n.) (especially BrE) ,A2
available (adj.) ,A2
"average (adj.), (n.) ",B1
avoid (v.) ,B1
awake (adj.) ,B1
"award (n.), (v.) ",B2
aware (adj.) ,B2
away (adv.) ,A2
awful (adj.) ,B1
awfully (adv.) ,B2
awkward (adj.) ,B2
awkwardly (adv.) ,B2
baby (n.) ,A1
"back (n.), (adj.), (adv.), (v.) ",A1
background (n.) ,B1
backward (adj.) ,C2
"backwards (also backward, especially in NAmE) (adv.) ",B1
bacteria (n.) ,C1
bad (adj.) ,A1
badly (adv.) ,A2
bad-tempered (adj.) ,B2
bag (n.) ,A1
baggage (n.) (especially NAmE) ,B1
bake (v.) ,A2
"balance (n.), (v.) ",B2
ball (n.) ,A1
"ban (v.), (n.) ",B2
band (n.) ,A1
"bandage (n.), (v.) ",B1
bank (n.) ,A1
bar (n.) ,A1
bargain (n.) ,B2
barrier (n.) ,B2
"base (n.), (v.) ",B2
based on ,B1
basic (adj.) ,B1
basically (adv.) ,B2
basis (n.) ,B2
bath (n.) ,A1
bathroom (n.) ,A1
battery (n.) ,A2
battle (n.) ,B1
bay (n.) ,B1
"be (v.), auxiliary (v.) ",A1
be called ,A1
be going to ,A2
be sick (BrE) ,B1
beach (n.) ,A1
beak (n.) ,C1
bear (v.) ,B2
beard (n.) ,A1
"beat (n.), (v.) ",B1
beautiful (adj.) ,A1
beautifully (adv.) ,B1
beauty (n.) ,B1
because (conj.) ,A1
because of (prep.) ,B1
become (v.) ,A2
bed (n.) ,A1
bedroom (n.) ,A1
beef (n.) ,B1
beer (n.) ,A1
"before (prep.), (conj.), (adv.) ",A1
begin (v.) ,A1
beginning (n.) ,A2
"behalf (n.): on behalf of sb, on sb’s behalf (BrE) (NAmE in behalf of sb, in sb’s behalf)  ",B2
behave (v.) ,B1
behaviour (BrE) (NAmE behavior) (n.) ,B1
"behind (prep.), (adv.) ",A1
belief (n.) ,B2
believe (v.) ,A2
bell (n.) ,B1
belong (v.) ,B2
"below (prep.), (adv.) ",A1
belt (n.) ,A2
"bend (v.), (n.) ",B2
"beneath (prep.), (adv.) ",B2
"benefit (n.), (v.) ",B1
bent (adj.) ,B2
beside (prep.) ,A2
"bet (v.), (n.) ",C1
"better, best, good, well ",A1
betting (n.) ,C2
"between (prep.), (adv.) ",A1
"beyond (prep.), (adv.) ",B2
bicycle (also bike) (n.) ,A2
"bid (v.), (n.) ",C1
big (adj.) ,A1
bill (n.) ,A2
bin (n.) (BrE) ,B1
biology (n.) ,A2
bird (n.) ,A1
birth (n.) ,B1
birthday (n.) ,A1
biscuit (n.) (BrE) ,A1
bit (n.) (especially BrE) ,A2
"bite (v.), (n.) ",B1
bitter (adj.) ,B1
bitterly (adv.) ,B1
"black (adj.), (n.) ",A1
blade (n.) ,B2
"blame (v.), (n.) ",B1
"blank (adj.), (n.) ",B1
blankly (adv.) ,B1
blind (adj.) ,B1
"block (n.), (v.) ",B1
"blonde (adj.), (n.), blond (adj.) ",A2
blood (n.) ,A2
"blow (v.), (n.) ",B1
"blue (adj.), (n.) ",A1
"board (n.), (v.) ",A1
boat (n.) ,A1
body (n.) ,A1
boil (v.) ,A2
"bomb (n.), (v.) ",B1
bone (n.) ,B1
"book (n.), (v.) ",A1
boot (n.) ,A2
border (n.) ,B1
bore (v.) ,B2
bored (adj.) ,A1
boring (adj.) ,A1
born: be born (v.) ,A2
borrow (v.) ,A2
boss (n.) ,A2
"both (det.), (pron.)",A1
bother (v.) ,A2
bottle (n.) ,A2
"bottom (n.), (adj.) ",A1
bound (adj.): bound to ,B2
bowl (n.) ,A2
box (n.) ,A1
boy (n.) ,A1
boyfriend (n.) ,A2
brain (n.) ,A2
branch (n.) ,B1
brand (n.) ,B2
brave (adj.) ,B1
bread (n.) ,A1
"break (v.), (n.) ",A2
breakfast (n.) ,A1
breast (n.) ,B1
breath (n.) ,B1
breathe (v.) ,B1
breathing (n.) ,B1
"breed (v.), (n.) ",B2
brick (n.) ,B2
bridge (n.) ,A2
brief (adj.) ,B1
briefly (adv.) ,B1
bright (adj.) ,A2
brightly (adv.) ,B2
brilliant (adj.) ,A2
bring (v.) ,A2
broad (adj.) ,B1
"broadcast (v.), (n.) ",B2
broadly (adv.) ,C1
broken (adj.) ,A2
"broken, break ",A2
brother (n.) ,A1
"brown (adj.), (n.) ",A1
"brush (n.), (v.) ",A2
bubble (n.) ,C1
budget (n.) ,B2
build (v.) ,A2
building (n.) ,A2
bullet (n.) ,B2
bunch (n.) ,B1
burn (v.) ,B1
burnt (adj.) ,B2
burst (v.) ,B2
bury (v.) ,B1
bus (n.) ,A1
bush (n.) ,B2
business (n.) ,A1
"businessman, businesswoman (n.) ",A2
busy (adj.) ,A2
but (conj.) ,A1
butter (n.) ,A1
button (n.) ,B1
buy (v.) ,A1
buyer (n.) ,B1
"by (prep.), (adv.) ",A2
by accident ,B1
by means of ,C1
bye (exclamation) ,A1
c (abbr. cent) ,A2
cabinet (n.) ,B2
cable (n.) ,B1
cake (n.) ,A1
calculate (v.) ,B2
calculation (n.) ,B2
"call (v.), (n.) ",A2
"calm (adj.), (v.), (n.) ",B1
calmly (adv.) ,B2
camera (n.) ,A1
"camp (n.), (v.) ",B1
campaign (n.) ,C1
camping (n.) ,A2
"can (modal) (v.), (n.) ",A1
cancel (v.) ,B1
cancer (n.) ,B1
candidate (n.) ,B1
candy (n.) (NAmE) ,A2
cannot ,A1
cap (n.) ,A2
capable (of) (adj.) ,B2
capacity (n.) ,B2
"capital (n.), (adj.) ",A2
captain (n.) ,B1
"capture (v.), (n.) ",B2
car (n.) ,A1
card (n.) ,A2
cardboard (n.) ,B2
"care (n.), (v.) ",B1
care for ,B2
career (n.) ,B1
careful (adj.) ,A2
carefully (adv.) ,A2
careless (adj.) ,B1
carelessly (adv.) ,B2
carpet (n.) ,A2
carrot (n.) ,A2
carry (v.) ,A1
case (n.) ,A2
cash (n.) ,A2
"cast (v.), (n.) ",B2
castle (n.) ,A2
cat (n.) ,A1
catch (v.) ,A1
category (n.) ,B2
"cause (n.), (v.) ",B2
CD (n.) ,A1
cease (v.) ,B2
ceiling (n.) ,A2
celebrate (v.) ,B1
celebration (n.) ,B1
cell (n.) ,B2
cellphone (also cellular phone) (n.) (especially NAmE) ,A1
"cent (n.) (abbr. c, ct) ",A2
centimetre (BrE) (NAmE centimeter) (n.) (abbr. cm) ,A2
central (adj.) ,B1
centre (BrE) (NAmE center) (n.) ,A2
century (n.) ,A2
ceremony (n.) ,B1
"certain (adj.), (pron.)",B1
certainly (adv.) ,A2
certificate (n.) ,B1
"chain (n.), (v.) ",A2
chair (n.) ,A1
"chairman, chairwoman (n.) ",B2
"challenge (n.), (v.) ",B1
chamber (n.) ,B2
chance (n.) ,B1
"change (v.), (n.) ",A1
channel (n.) ,A2
chapter (n.) ,B1
character (n.) ,B1
"characteristic (adj.), (n.) ",B2
"charge (n.), (v.) ",B1
charity (n.) ,B1
"chart (n.), (v.) ",B2
"chase (v.), (n.) ",B2
"chat (v.), (n.) ",A2
cheap (adj.) ,A1
cheaply (adv.) ,A2
"cheat (v.), (n.) ",B2
"check (v.), (n.) ",A2
cheek (n.) ,B1
cheerful (adj.) ,B1
cheerfully (adv.) ,B2
cheese (n.) ,A1
"chemical (adj.), (n.) ",B2
chemist (n.) ,A2
chemist’s (n.) (BrE) ,A2
chemistry (n.) ,A2
cheque (n.) (BrE) (NAmE check) ,A2
chest (n.) ,B2
chew (v.) ,B2
chicken (n.) ,A2
"chief (adj.), (n.) ",B2
child (n.) ,A1
chin (n.) ,B1
chip (n.) ,A1
chocolate (n.) ,A1
choice (n.) ,B1
choose (v.) ,A1
chop (v.) ,B2
church (n.) ,A2
cigarette (n.) ,A2
cinema (n.) (especially BrE) ,A1
circle (n.) (v.),A2
circumstance (n.) ,B2
citizen (n.) ,B2
city (n.) ,A1
civil (adj.) ,C1
"claim (v.), (n.) ",B2
"clap (v.), (n.) ",B1
class (n.) ,A1
"classic (adj.), (n.) ",B2
classroom (n.) ,A1
"clean (adj.), (v.) ",A1
"clear (adj.), (v.) ",A2
clearly (adv.) ,A2
clerk (n.) ,B1
clever (adj.) ,A1
"click (v.), (n.) ",A2
client (n.) ,B2
climate (n.) ,B1
climb (v.) ,A2
climbing (n.) ,A2
clock (n.) ,A1
close (adj.) ,A1
close (v.) ,A1
closed (adj.) ,A1
closely (adv.) ,B2
closet (n.) (especially NAmE) ,A2
cloth (n.) ,B2
clothes (n.) ,A1
clothing (n.) ,B2
cloud (n.) ,A2
club (n.) ,A2
cm (abbr. centimeter) ,A2
coach (n.) ,A2
coal (n.) ,C1
coast (n.) ,B1
coat (n.) ,A1
code (n.) ,B2
coffee (n.) ,A1
coin (n.) ,B1
"cold (adj.), (n.) ",A1
coldly (adv.) ,A2
"collapse (v.), (n.) ",B2
colleague (n.) ,A2
collect (v.) ,A2
collection (n.) ,B1
college (n.) ,A2
"colour (BrE) (NAmE color) (n.), (v.) ",A1
coloured (BrE) (NAmE colored) (adj.) ,A2
column (n.) ,B2
combination (n.) ,B2
combine (v.) ,B2
come (v.) ,A1
comedy (n.) ,B1
"comfort (n.), (v.) ",B2
comfortable (adj.) ,A2
comfortably (adv.) ,B2
"command (v.), (n.) ",B2
"comment (n.), (v.) ",B1
commercial (adj.) (n.),B2
"commission (n.), (v.) ",B2
commit (v.) ,B2
commitment (n.) ,B2
committee (n.) ,B2
common (adj.) ,B1
commonly (adv.) ,C1
communicate (v.) ,B1
communication (n.) ,B1
community (n.) ,B2
company (n.) ,A2
compare (v.) ,B1
comparison (n.) ,B2
compete (v.) ,B1
competition (n.) ,A2
competitive (adj.) ,B2
complain (v.) ,B1
complaint (n.) ,B1
"complete (adj.), (v.) ",A2
completely (adv.) ,B1
complex (adj.) ,B2
complicate (v.) ,C1
complicated (adj.) ,B1
computer (n.) ,A1
concentrate (v.) ,B1
concentration (n.) ,B2
concept (n.) ,B2
"concern (v.), (n.) ",B2
concerned (adj.) ,B2
concerning (prep.) ,B2
concert (n.) ,A2
conclude (v.) ,C1
conclusion (n.) ,B1
"concrete (adj.), (n.) ",B2
condition (n.) ,B1
"conduct (v.), (n.) ",B2
conference (n.) ,B1
confidence (n.) ,B2
confident (adj.) ,B1
confidently (adv.) ,B2
confine (v.) ,C2
confined (adj.) ,C2
confirm (v.) ,B1
"conflict (n.), (v.) ",B2
confront (v.) ,C2
confuse (v.) ,B2
confused (adj.) ,B1
confusing (adj.) ,B1
confusion (n.) ,B2
congratulations (n.) ,A2
congress (n.) ,B2
connect (v.) ,B1
connection (n.) ,B1
conscious (adj.) ,B2
consequence (n.) ,B2
conservative (adj.) ,C1
consider (v.) ,B1
considerable (adj.) ,B1
considerably (adv.) ,B2
consideration (n.) ,B2
consist of (v.) ,B1
constant (adj.) ,B2
constantly (adv.) ,B2
construct (v.) ,B2
construction (n.) ,B2
consult (v.) ,C1
consumer (n.) ,B2
"contact (n.), (v.) ",A2
contain (v.) ,B1
container (n.) ,B2
contemporary (adj.) ,B2
content (n.) ,B2
contest (n.) ,B1
context (n.) ,B2
continent (n.) ,B1
continue (v.) ,B1
continuous (adj.) ,B2
continuously (adv.) ,B2
"contract (n.), (v.) ",B1
"contrast (n.), (v.) ",B2
contrasting (adj.) ,B2
contribute (v.) ,B2
contribution (n.) ,B2
"control (n.), (v.) ",B1
controlled (adj.) ,B2
convenient (adj.) ,B1
convention (n.) ,C1
conventional (adj.) ,B2
conversation (n.) ,A1
convert (v.) ,B2
convince (v.) ,B1
"cook (v.), (n.) ",A1
cooker (n.) (BrE) ,A2
cookie (n.) (especially NAmE) ,C2
cooking (n.) ,A2
"cool (adj.), (v.) ",A2
cope (with) (v.) ,B2
"copy (n.), (v.) ",A2
core (n.) ,C2
corner (n.) ,A2
"correct (adj.), (v.) ",A2
correctly (adv.) ,B1
"cost (n.), (v.) ",A2
cottage (n.) ,B1
cotton (n.) ,B1
"cough (v.), (n.) ",B1
coughing (n.) ,B1
could (modal) (v.) ,A2
council (n.) ,B2
count (v.) ,B1
counter (n.) ,B2
country (n.) ,A1
countryside (n.) ,A2
county (n.) ,B2
couple (n.) ,B1
courage (n.) ,B2
course (n.) ,A1
court (n.) ,B1
cousin (n.) ,A2
"cover (v.), (n.) ",A2
covered (adj.) ,A2
covering (n.) ,A2
cow (n.) ,A1
"crack (n.), (v.) ",B2
cracked (adj.) ,B2
craft (n.) ,B2
"crash (n.), (v.) ",B1
crazy (adj.) ,A2
"cream (n.), (adj.) ",A2
create (v.) ,B1
creature (n.) ,B1
credit (n.)  (v.),B1
credit card (n.) ,A1
crime (n.) ,B1
"criminal (adj.), (n.) ",B1
crisis (n.) ,B2
crisp (adj.) ,C2
criterion (n.) ,C1
critical (adj.) ,B2
criticism (n.) ,B2
criticize (BrE also -ise) (v.) ,B2
crop (n.) ,B1
"cross (n.), (v.) ",A2
crowd (n.) ,A2
crowded (adj.) ,A2
crown (n.) ,B1
crucial (adj.) ,B2
cruel (adj.) ,B1
crush (v.) ,C2
"cry (v.), (n.) ",A2
ct (abbr. cent) ,A2
cultural (adj.) ,B1
culture (n.) ,B1
cup (n.) ,A1
cupboard (n.) ,A2
curb (v.) ,C2
"cure (v.), (n.) ",B2
curious (adj.) ,B1
curiously (adv.) ,B1
"curl (v.), (n.) ",B1
curly (adj.) ,B1
"current (adj.), (n.) ",B2
currently (adv.) ,B2
curtain (n.) ,A2
"curve (n.), (v.) ",B2
curved (adj.) ,B2
custom (n.) ,B1
customer (n.) ,A2
customs (n.) ,B1
"cut (v.), (n.) ",A2
"cycle (n.), (v.) ",B1
cycling (n.) ,A2
dad (n.) ,A1
daily (adj.) ,A2
"damage (n.), (v.) ",B1
damp (adj.) ,B2
"dance (n.), (v.) ",A1
dancer (n.) ,A2
dancing (n.) ,A1
danger (n.) ,A2
dangerous (adj.) ,A2
dare (v.) ,B2
"dark (adj.), (n.) ",A1
data (n.) ,B2
"date (n.), (v.) ",A1
daughter (n.) ,A1
day (n.) ,A1
dead (adj.) ,A2
deaf (adj.) ,B1
"deal (v.), (n.) ",B2
deal with ,B1
dear (adj.) ,A1
death (n.) ,B1
"debate (n.), (v.) ",B2
debt (n.) ,B2
decade (n.) ,B2
"decay (n.), (v.) ",B2
December (n.) (abbr. Dec.) ,A1
decide (v.) ,A2
decision (n.) ,B1
declare (v.) ,B1
"decline (n.), (v.) ",B2
decorate (v.) ,B1
decoration (n.) ,B2
decorative (adj.) ,B2
"decrease (v.), (n.) ",B1
"deep (adj.), (adv.) ",A2
deeply (adv.) ,B2
"defeat (v.), (n.) ",B1
defence (BrE) (NAmE defense) (n.) ,B1
defend (v.) ,B1
define (v.) ,B2
definite (adj.) ,B2
definitely (adv.) ,B1
definition (n.) ,B2
degree (n.) ,A2
"delay (n.), (v.) ",A2
deliberate (adj.) ,B2
deliberately (adv.) ,B2
delicate (adj.) ,B2
"delight (n.), (v.) ",B2
delighted (adj.) ,B1
deliver (v.) ,B1
delivery (n.) ,B1
"demand (n.), (v.) ",B1
demonstrate (v.) ,B2
dentist (n.) ,A2
deny (v.) ,B2
department (n.) ,A2
departure (n.) ,B1
depend (on) (v.) ,B1
"deposit (n.), (v.) ",B1
depress (v.) ,B2
depressed (adj.) ,B1
depressing (adj.) ,B2
depth (n.) ,B1
derive (v.) ,C1
describe (v.) ,A2
description (n.) ,B1
"desert (n.), (v.) ",A2
deserted (adj.) ,C1
deserve (v.) ,B1
"design (n.), (v.) ",B1
"desire (n.), (v.) ",B2
desk (n.) ,A1
desperate (adj.) ,B2
desperately (adv.) ,B2
despite (prep.) ,B1
destroy (v.) ,B1
destruction (n.) ,B2
detail (n.) ,A2
detailed (adj.) ,B2
determination (n.) ,B2
determine (v.) ,C1
determined (adj.) ,B2
develop (v.) ,B1
development (n.) ,B1
device (n.) ,B2
devote (v.) ,B2
devoted (adj.) ,B2
diagram (n.) ,B1
diamond (n.) ,B2
diary (n.) ,A2
dictionary (n.) ,A1
die (v.) ,A1
diet (n.) ,B1
difference (n.) ,A2
different (adj.) ,A1
differently (adv.) ,B1
difficult (adj.) ,A1
difficulty (n.) ,B1
dig (v.) ,B1
dinner (n.) ,A1
"direct (adj.), (v.) ",B1
direction (n.) ,B1
directly (adv.) ,B1
director (n.) ,B1
dirt (n.) ,B1
dirty (adj.) ,A2
disabled (adj.) ,B1
disadvantage (n.) ,B1
disagree (v.) ,B1
disagreement (n.) ,B2
disappear (v.) ,B1
disappoint (v.) ,B1
disappointed (adj.) ,B1
disappointing (adj.) ,B1
disappointment (n.) ,B1
disapproval (n.) ,C1
disapprove (of) (v.) ,B2
disapproving (adj.) ,B2
disaster (n.) ,B2
"disc (also disk, especially in NAmE) (n.) ",B1
discipline (n.) ,B2
discount (n.) ,A2
discover (v.) ,B1
discovery (n.) ,B2
discuss (v.) ,A2
discussion (n.) ,B1
disease (n.) ,B1
"disgust (v.), (n.) ",C2
disgusted (adj.) ,C1
disgusting (adj.) ,B1
dish (n.) ,A2
dishonest (adj.) ,B2
dishonestly (adv.) ,C1
disk (n.) ,B1
"dislike (v.), (n.) ",B1
dismiss (v.) ,C1
"display (v.), (n.) ",B1
dissolve (v.) ,C1
distance (n.) ,B1
distinguish (v.) ,B2
distribute (v.) ,B2
distribution (n.) ,C1
district (n.) ,B1
disturb (v.) ,B2
disturbing (adj.) ,C2
divide (v.) ,B1
division (n.) ,B2
"divorce (n.), (v.) ",B1
divorced (adj.) ,B1
"do (v.), auxiliary (v.) ",A1
"doctor (n.) (abbr. Dr, NAmE Dr.) ",A1
document (n.) ,A2
dog (n.) ,A1
dollar (n.) ,A1
domestic (adj.) ,B2
dominate (v.) ,B2
door (n.) ,A1
dot (n.) ,B1
"double (adj.), (det.), (adv.), (n.), (v.) ",A2
"doubt (n.), (v.) ",B1
"down (adv.), (prep.) ",A1
"downstairs (adv.), (adj.), (n.) ",A2
downward (adj.) ,C1
downwards (also downward especially in NAmE) (adv.) ,C1
"dozen (n.), (det.) ",B1
"Dr (BrE) (also Dr. NAmE, BrE) (abbr. doctor) ",A2
"draft (n.), (adj.), (v.) ",B2
drag (v.) ,B1
drama (n.) ,B1
dramatic (adj.) ,B2
dramatically (adv.) ,B2
draw (v.) ,A1
drawer (n.) ,A2
drawing (n.) ,A2
"dream (n.), (v.) ",A2
"dress (n.), (v.) ",A1
dressed (adj.) ,A2
"drink (n.), (v.) ",A1
"drive (v.), (n.) ",A1
driver (n.) ,A1
driving (n.) ,A1
"drop (v.), (n.) ",B1
drug (n.) ,B2
drugstore (n.) (NAmE) ,B1
drum (n.) ,A2
drunk (adj.) ,B2
"dry (adj.), (v.) ",A2
due (adj.) ,B1
due to ,B1
dull (adj.) ,B1
"dump (v.), (n.) ",C1
during (prep.) ,A2
"dust (n.), (v.) ",B1
duty (n.) ,B1
DVD (n.) ,A1
dying (adj.) ,A2
e.g. (abbr.) ,B2
"each (det.), (pron.)",A1
each other (also one another) (pron.),A2
ear (n.) ,A1
"early (adj.), (adv.) ",A1
earn (v.) ,A2
earth (n.) ,B1
"ease (n.), (v.) ",B2
easily (adv.) ,A2
"east (n.), (adj.), (adv.) ",A2
eastern (adj.) ,B1
easy (adj.) ,A1
eat (v.) ,A1
economic (adj.) ,B2
economy (n.) ,B2
edge (n.) ,B1
edition (n.) ,B2
editor (n.) ,B2
educate (v.) ,B2
educated (adj.) ,B2
education (n.) ,B1
effect (n.) ,B1
effective (adj.) ,B2
effectively (adv.) ,B2
efficient (adj.) ,B1
efficiently (adv.) ,B2
effort (n.) ,B1
egg (n.) ,A1
"either (det.), (pron.), (adv.) ",B1
elbow (n.) ,B1
elderly (adj.) ,B1
elect (v.) ,B2
election (n.) ,B1
electric (adj.) ,A2
electrical (adj.) ,B1
electricity (n.) ,A2
electronic (adj.) ,B1
elegant (adj.) ,B2
element (n.) ,B2
elevator (n.) (NAmE) ,A2
else (adv.) ,A2
elsewhere (adv.) ,B2
"email (also e-mail) (n.), (v.) ",A1
embarrass (v.) ,C2
embarrassed (adj.) ,B1
embarrassing (adj.) ,B1
embarrassment (n.) ,B2
emerge (v.) ,B2
emergency (n.) ,B1
emotion (n.) ,B2
emotional (adj.) ,B2
emotionally (adv.) ,B2
emphasis (n.) ,B2
emphasize (BrE also -ise) (v.) ,B2
empire (n.) ,C1
employ (v.) ,B1
employee (n.) ,B1
employer (n.) ,B1
employment (n.) ,B1
"empty (adj.), (v.) ",A2
enable (v.) ,B2
"encounter (v.), (n.) ",B2
encourage (v.) ,B1
encouragement (n.) ,B2
"end (n.), (v.) ",A1
ending (n.) ,B1
enemy (n.) ,B1
energy (n.) ,B1
engage (v.) ,C1
engaged (adj.) ,B1
engine (n.) ,A2
engineer (n.) ,A2
engineering (n.) ,B1
enjoy (v.) ,A1
enjoyable (adj.) ,B1
enjoyment (n.) ,B2
enormous (adj.) ,B1
"enough (det.), (pron.), (adv.) ",A2
enquiry (also inquiry especially in NAmE) (n.) ,B1
ensure (v.) ,B2
enter (v.) ,A2
entertain (v.) ,B1
entertainer (n.) ,B2
entertaining (adj.) ,B2
entertainment (n.) ,B1
enthusiasm (n.) ,B2
enthusiastic (adj.) ,B2
entire (adj.) ,B2
entirely (adv.) ,B2
entitle (v.) ,B2
entrance (n.) ,A2
entry (n.) ,B1
envelope (n.) ,A2
environment (n.) ,B1
environmental (adj.) ,B1
"equal (adj.), (n.), (v.) ",B1
equally (adv.) ,B2
equipment (n.) ,B1
"equivalent (adj.), (n.) ",C1
error (n.) ,B2
"escape (v.), (n.) ",B1
especially (adv.) ,A2
essay (n.) ,B1
"essential (adj.), (n.) ",B1
essentially (adv.) ,B2
establish (v.) ,B2
estate (n.) ,B2
"estimate (n.), (v.) ",B2
etc. (full form et cetera) ,B2
euro (n.) ,A2
"even (adv.), (adj.) ",A2
evening (n.) ,A1
event (n.) ,B1
eventually (adv.) ,B2
ever (adv.) ,A2
every (det.) ,A1
everyone (also everybody) (pron.),A2
everything (pron.),A2
everywhere (adv.) ,A2
evidence (n.) ,B2
"evil (adj.), (n.) ",B2
ex- (prefix) ,B2
exact (adj.) ,B1
exactly (adv.) ,A2
exaggerate (v.) ,C1
exaggerated (adj.) ,C1
exam (n.) ,A2
examination (n.) ,A2
examine (v.) ,B2
example (n.) ,A1
excellent (adj.) ,A2
"except (prep.), (conj.) ",A2
exception (n.) ,B2
"exchange (v.), (n.) ",B1
excite (v.) ,B2
excited (adj.) ,A1
excitement (n.) ,B1
exciting (adj.) ,A1
exclude (v.) ,C1
excluding (prep.) ,C1
"excuse (n.), (v.) ",B1
"executive (n.), (adj.) ",C1
"exercise (n.), (v.) ",A2
"exhibit (v.), (n.) ",C1
exhibition (n.) ,B1
exist (v.) ,A2
existence (n.) ,B2
exit (n.) ,A2
expand (v.) ,B2
expect (v.) ,B1
expectation (n.) ,B2
expected (adj.) ,B2
expense (n.) ,B2
expensive (adj.) ,A1
"experience (n.), (v.) ",B1
experienced (adj.) ,B1
"experiment (n.), (v.) ",B1
"expert (n.), (adj.) ",B1
explain (v.) ,A2
explanation (n.) ,B1
explode (v.) ,B1
explore (v.) ,B1
explosion (n.) ,B2
"export (v.), (n.) ",B2
expose (v.) ,B2
"express (v.), (adj.) ",B2
expression (n.) ,B2
extend (v.) ,B2
extension (n.) ,B2
extensive (adj.) ,B2
extent (n.) ,B2
"extra (adj.), (n.), (adv.) ",A2
extraordinary (adj.) ,B1
"extreme (adj.), (n.) ",B2
extremely (adv.) ,B1
eye (n.) ,A1
"face (n.), (v.) ",A1
facility (n.) ,B2
fact (n.) ,A2
factor (n.) ,B2
factory (n.) ,A1
fail (v.) ,A2
failure (n.) ,B2
faint (adj.) ,B2
faintly (adv.) ,B2
fair (adj.) ,A2
fairly (adv.) ,B1
faith (n.) ,B2
faithful (adj.) ,B2
faithfully (adv.) ,B2
"fall (v.), (n.) ",A2
fall asleep ,B1
fall over ,B1
false (adj.) ,B1
fame (n.) ,B2
familiar (adj.) ,B1
"family (n.), (adj.) ",A1
famous (adj.) ,A1
fan (n.) ,A2
"fancy (v.), (adj.) ",B1
"far (adv.), (adj.) ",A2
farm (n.) ,A1
farmer (n.) ,A2
farming (n.) ,B1
"farther, farthest, far ",A2
fashion (n.) ,A2
fashionable (adj.) ,B1
"fast (adj.), (adv.) ",A1
fasten (v.) ,B1
"fat (adj.), (n.) ",A1
father (n.) ,A1
faucet (n.) (NAmE) ,B1
fault (n.) ,B2
favour (BrE) (NAmE favor) (n.) ,B1
"favourite (BrE) (NAmE favorite) (adj.), (n.) ",A1
"fear (n.), (v.) ",B1
feather (n.) ,B2
"feature (n.), (v.) ",B2
February (n.) (abbr. Feb.) ,A1
federal (adj.) ,C1
fee (n.) ,B1
feed (v.) ,B1
feel (v.) ,A1
feel sick (especially BrE) ,B2
feeling (n.) ,B1
"fellow (n.), (adj.) ",B2
"female (adj.), (n.) ",B1
fence (n.) ,B2
festival (n.) ,B1
fetch (v.) ,B1
fever (n.) ,B1
"few (det.), (adj.), (pron.)",A2
field (n.) ,A2
"fight (v.), (n.) ",B1
fighting (n.) ,B2
"figure (n.), (v.) ",B1
file (n.) ,A2
fill (v.) ,A2
"film (n.), (v.) ",A1
"final (adj.), (n.) ",A2
finally (adv.) ,A2
"finance (n.), (v.) ",B2
financial (adj.) ,B1
find (v.) ,A1
find out sth ,A2
fine (adj.) ,A1
finely (adv.) ,B2
finger (n.) ,A2
"finish (v.), (n.) ",A1
finished (adj.) ,A2
"fire (n.), (v.) ",A2
"firm (n.), (adj.), (adv.) ",B2
firmly (adv.) ,B2
"first (det.), (ordinal number), (adv.), (n.) ",A1
"fish (n.), (v.) ",A1
fishing (n.) ,A2
"fit (v.), (adj.) ",A2
fix (v.) ,B1
fixed (adj.) ,B2
flag (n.) ,B1
flame (n.) ,B2
"flash (v.), (n.) ",B2
"flat (adj.), (n.) ",A1
"flavour (BrE) (NAmE flavor) (n.), (v.) ",B1
flesh (n.) ,C2
flight (n.) ,A2
float (v.) ,B1
"flood (n.), (v.) ",B1
floor (n.) ,A1
flour (n.) ,B1
"flow (n.), (v.) ",B1
flower (n.) ,A1
flu (n.) ,B1
"fly (v.), (n.) ",A1
"flying (adj.), (n.) ",A2
"focus (v.), (n.) ",B2
"fold (v.), (n.) ",B1
folding (adj.) ,B2
follow (v.) ,A2
"following (adj.), (n.), (prep.) ",B2
food (n.) ,A1
foot (n.) ,A1
football (n.) ,A1
for (prep.) ,A1
for instance ,B1
"force (n.), (v.) ",B2
"forecast (n.), (v.) ",B1
foreign (adj.) ,A2
forest (n.) ,A2
forever (BrE also for ever) (adv.) ,B1
forget (v.) ,A1
forgive (v.) ,B1
fork (n.) ,A2
"form (n.), (v.) ",A2
formal (adj.) ,B2
formally (adv.) ,C1
former (adj.) ,B1
formerly (adv.) ,B2
formula (n.) ,C1
fortune (n.) ,B2
forward (adj.) ,B2
forward (also forwards) (adv.) ,B1
found (v.) ,B2
foundation (n.) ,C1
"frame (n.), (v.) ",B1
"free (adj.), (v.), (adv.) ",A2
freedom (n.) ,B2
freely (adv.) ,B2
freeze (v.) ,B1
frequent (adj.) ,B1
frequently (adv.) ,B1
fresh (adj.) ,A2
freshly (adv.) ,A2
Friday (n.) (abbr. Fri.) ,A1
fridge (n.) (BrE) ,A2
friend (n.) ,A1
friendly (adj.) ,A2
friendship (n.) ,B1
frighten (v.) ,B2
frightened (adj.) ,B1
frightening (adj.) ,B1
from (prep.) ,A1
"front (n.), (adj.) ",A2
frozen (adj.) ,B1
"frozen, freeze ",B1
fruit (n.) ,A1
"fry (v.), (n.) ",B1
fuel (n.) ,B1
full (adj.) ,A2
fully (adv.) ,B1
"fun (n.), (adj.) ",A1
"function (n.), (v.) ",B2
"fund (n.), (v.) ",C1
fundamental (adj.) ,C2
funeral (n.) ,B2
funny (adj.) ,A1
fur (n.) ,B1
furniture (n.) ,A2
"further (adj.) (also furthest, far) ",A2
"future (n.), (adj.) ",A2
g (abbr. gram) ,A2
"gain (v.), (n.) ",B1
gallon (n.) ,B2
"gamble (v.), (n.) ",C2
gambling (n.) ,B2
game (n.) ,A1
gap (n.) ,B1
garage (n.) ,A2
garbage (n.) (especially NAmE) ,B1
garden (n.) ,A1
gas (n.) ,A2
gasoline (n.) (NAmE) ,B2
gate (n.) ,A2
gather (v.) ,B2
gear (n.) ,B2
general (adj.) ,B1
generally (adv.) ,B1
generate (v.) ,B2
generation (n.) ,B1
generous (adj.) ,B1
generously (adv.) ,B2
gentle (adj.) ,B1
gentleman (n.) ,B2
gently (adv.) ,B2
genuine (adj.) ,B2
genuinely (adv.) ,B2
geography (n.) ,A2
get (v.) ,A1
get off ,B1
get on ,B1
"giant (n.), (adj.) ",B1
gift (n.) ,A2
girl (n.) ,A1
girlfriend (n.) ,A2
give (sth) up ,B2
give (v.) ,A1
give birth (to) ,B2
give sth away ,B1
give sth out ,B1
glad (adj.) ,A2
glass (n.) ,A1
glasses (n.) ,A1
global (adj.) ,B2
glove (n.) ,A2
"glue (n.), (v.) ",C2
gm (abbr. gram) ,A2
go (v.) ,A1
go bad ,B1
go down ,B1
go up ,B1
go wrong ,B1
goal (n.) ,A2
god (n.) ,A2
"gold (n.), (adj.) ",A2
"good (adj.), (n.) ",A1
good at ,A2
good for ,A1
"goodbye (exclamation), (n.) ",A1
goods (n.) ,B2
govern (v.) ,B2
government (n.) ,B1
governor (n.) ,B2
grab (v.) ,B1
"grade (n.), (v.) ",A2
gradual (adj.) ,B2
gradually (adv.) ,B2
grain (n.) ,C2
"gram (BrE also gramme) (n.) (abbr. g, gm) ",A2
grammar (n.) ,A2
grand (adj.) ,C1
grandchild (n.) ,A2
granddaughter (n.) ,A2
grandfather (n.) ,A2
grandmother (n.) ,A2
grandparent (n.) ,A2
grandson (n.) ,A2
"grant (v.), (n.) ",B2
grass (n.) ,A1
grateful (adj.) ,B1
"grave (n.), (adj.) ",B2
gray (NAmE) grey ,A1
great (adj.) ,A1
greatly (adv.) ,B2
"green (adj.), (n.) ",A1
"grey (BrE) (NAmE usually gray) (adj.), (n.) ",A1
groceries (n.) ,B1
grocery (NAmE usually grocery store) (n.) ,A2
ground (n.) ,B1
group (n.) ,A1
grow (v.) ,A2
grow up ,A2
growth (n.) ,B2
"guarantee (n.), (v.) ",B2
"guard (n.), (v.) ",B1
"guess (v.), (n.) ",A2
guest (n.) ,A2
"guide (n.), (v.) ",A2
guilty (adj.) ,B1
gun (n.) ,B1
guy (n.) ,A2
habit (n.) ,B1
hair (n.) ,A1
hairdresser (n.) ,B1
"half (n.), (det.), (pron.), (adv.) ",A1
hall (n.) ,A1
hammer (n.) ,B2
"hand (n.), (v.) ",A1
"handle (v.), (n.) ",B1
hang (v.) ,B1
happen (v.) ,A2
happily (adv.) ,B1
happiness (n.) ,B1
happy (adj.) ,A1
"hard (adj.), (adv.) ",A1
hardly (adv.) ,B1
"harm (n.), (v.) ",B2
harmful (adj.) ,B2
harmless (adj.) ,B2
hat (n.) ,A1
"hate (v.), (n.) ",A2
hatred (n.) ,C1
"have (v.), auxiliary (v.) ",A1
have to (modal) (v.) ,A2
he (pron.),A1
"head (n.), (v.) ",A1
headache (n.) ,A2
heal (v.) ,B2
health (n.) ,A2
healthy (adj.) ,A2
hear (v.) ,A1
hearing (n.) ,A1
heart (n.) ,A2
"heat (n.), (v.) ",B1
heating (n.) ,B1
heaven (n.) ,B2
heavily (adv.) ,B1
heavy (adj.) ,A2
heel (n.) ,B1
height (n.) ,B1
hell (n.) ,B2
"hello (exclamation), (n.) ",A1
"help (v.), (n.) ",A1
helpful (adj.) ,B1
hence (adv.) ,C1
"her (pron.), (det.) ",A1
here (adv.) ,A1
hero (n.) ,B1
hers (pron.),A1
herself (pron.),A2
hesitate (v.) ,B2
hi (exclamation) ,A1
hide (v.) ,B1
"high (adj.), (adv.) ",A2
"highlight (v.), (n.) ",B2
highly (adv.) ,B2
highway (n.) (especially NAmE) ,A2
hill (n.) ,A2
him (pron.),A1
himself (pron.),A2
hip (n.) ,B2
"hire (v.), (n.) ",B1
"his (det.), (pron.)",A1
historical (adj.) ,B1
history (n.) ,A2
"hit (v.), (n.) ",A2
hobby (n.) ,A2
"hold (v.), (n.) ",A2
hole (n.) ,B1
holiday (n.) ,A1
hollow (adj.) ,C2
holy (adj.) ,C1
"home (n.), (adv.). ",A1
homework (n.) ,A1
honest (adj.) ,B1
honestly (adv.) ,B1
honour (BrE) (NAmE honor) (n.) ,B2
hook (n.) ,B2
"hope (v.), (n.) ",A2
horizontal (adj.) ,C1
horn (n.) ,B2
horror (n.) ,B1
horse (n.) ,A1
hospital (n.) ,A1
"host (n.), (v.) ",B2
hot (adj.) ,A1
hotel (n.) ,A1
hour (n.) ,A1
house (n.) ,A1
"household (n.), (adj.) ",B2
housing (n.) ,C1
how (adv.) ,A1
however (adv.) ,A2
huge (adj.) ,B1
"human (adj.), (n.) ",B1
humorous (adj.) ,C1
humour (BrE) (NAmE humor) (n.) ,B1
hungry (adj.) ,A1
hunt (v.) ,B1
hunting (n.) ,B2
"hurry (v.), (n.) ",A2
hurt (v.) ,A2
husband (n.) ,A1
I (pron.),A1
i.e. (abbr.) ,C1
ice (n.) ,A2
ice cream (n.) ,A1
idea (n.) ,A2
"ideal (adj.), (n.) ",B2
ideally (adv.) ,B2
identify (v.) ,B2
identity (n.) ,B2
if (conj.) ,A2
ignore (v.) ,B2
ill (adj.) (especially BrE) ,A2
illegal (adj.) ,B2
illegally (adv.) ,B2
illness (n.) ,B1
illustrate (v.) ,B2
image (n.) ,B2
imaginary (adj.) ,C1
imagination (n.) ,B1
imagine (v.) ,B1
immediate (adj.) ,B2
immediately (adv.) ,A2
immoral (adj.) ,B2
impact (n.) ,B2
impatient (adj.) ,B2
impatiently (adv.) ,B2
implication (n.) ,C1
imply (v.) ,C2
"import (n.), (v.) ",B2
importance (n.) ,B1
important (adj.) ,A1
importantly (adv.) ,B2
impose (v.) ,C1
impossible (adj.) ,B1
impress (v.) ,B2
impressed (adj.) ,B2
impression (n.) ,B2
impressive (adj.) ,B2
improve (v.) ,A2
improvement (n.) ,B1
"in (prep.), (adv.) ",A1
in a hurry ,B1
in addition (to) ,B1
in advance ,B1
in case (of) ,B1
in charge of ,B1
in common ,B1
in control (of) ,B2
in detail ,B1
in exchange (for) ,B1
in favour/favor (of) ,B2
in front (of) ,B1
in general ,B1
in honour/honor of ,B2
in memory of ,C2
in order to ,B1
in public ,B2
in the end ,B1
inability (n.) ,C1
inch (n.) ,B1
incident (n.) ,B2
include (v.) ,A2
including (prep.) ,A2
income (n.) ,B2
"increase (v.), (n.) ",B1
increasingly (adv.) ,B2
indeed (adv.) ,B1
independence (n.) ,B2
independent (adj.) ,B1
independently (adv.) ,B2
index (n.) ,C1
indicate (v.) ,B2
indication (n.) ,C1
indirect (adj.) ,C1
indirectly (adv.) ,C1
"individual (adj.), (n.) ",B1
indoor (adj.) ,A2
indoors (adv.) ,B1
industrial (adj.) ,B2
industry (n.) ,B1
inevitable (adj.) ,C1
inevitably (adv.) ,C1
infect (v.) ,C1
infected (adj.) ,C1
infection (n.) ,B2
infectious (adj.) ,C2
"influence (n.), (v.) ",B2
inform (v.) ,B1
informal (adj.) ,B2
information (n.) ,A2
ingredient (n.) ,B1
"initial (adj.), (n.) ",B1
initially (adv.) ,B2
initiative (n.) ,C1
injure (v.) ,B1
injured (adj.) ,B1
injury (n.) ,B2
ink (n.) ,B1
inner (adj.) ,B2
innocent (adj.) ,B2
"inquiry, enquiry ",B1
insect (n.) ,A2
insert (v.) ,C1
"inside (prep.), (adv.), (n.), (adj.) ",A1
insist (on) (v.) ,B1
install (v.) ,B1
instance (n.) ,B1
instead (adv.) ,A2
instead of ,B1
institute (n.) ,B2
institution (n.) ,B2
instruction (n.) ,A2
instrument (n.) ,A2
"insult (v.), (n.) ",B2
insulting (adj.) ,B2
insurance (n.) ,B2
intelligence (n.) ,B2
intelligent (adj.) ,B1
intend (v.) ,B1
intended (adj.) ,C1
intention (n.) ,B2
"interest (n.), (v.) ",B1
interested (adj.) ,A2
interesting (adj.) ,A1
"interior (n.), (adj.) ",B2
internal (adj.) ,B2
international (adj.) ,A2
Internet (n.) ,A1
interpret (v.) ,B2
interpretation (n.) ,C2
interrupt (v.) ,B1
interruption (n.) ,B2
interval (n.) ,B1
"interview (n.), (v.) ",B1
into (prep.) ,A1
introduce (v.) ,B1
introduction (n.) ,B2
invent (v.) ,B1
invention (n.) ,B1
invest (v.) ,B2
investigate (v.) ,B2
investigation (n.) ,B2
investment (n.) ,B2
invitation (n.) ,A2
invite (v.) ,A1
involve (v.) ,B1
involved in ,B2
involvement (n.) ,B2
"iron (n.), (v.) ",B1
irritate (v.) ,C1
irritated (adj.) ,B2
irritating (adj.) ,B2
-ish (suffix) ,B2
island (n.) ,A2
"issue (n.), (v.) ",B1
"it (pron.), (det.) ",A1
item (n.) ,B1
its (det.) ,A1
itself (pron.),A2
jacket (n.) ,A1
jam (n.) ,A2
January (n.) (abbr. Ja(n.)) ,A1
jealous (adj.) ,B1
jeans (n.) ,A1
jelly (n.) ,A2
jewellery (BrE) (NAmE jewelry) (n.) ,A2
job (n.) ,A1
join (v.) ,A2
"joint (adj.), (n.) ",B2
jointly (adv.) ,C1
"joke (n.), (v.) ",B1
journalist (n.) ,B1
journey (n.) ,A2
joy (n.) ,B2
"judge (n.), (v.) ",B1
judgement (also judgment especially in NAmE) (n.) ,B2
juice (n.) ,A1
July (n.) (abbr. Jul.) ,A1
"jump (v.), (n.) ",A2
June (n.) (abbr. Jun.) ,A1
"junior (adj.), (n.) ",B2
just (adv.) ,A2
justice (n.) ,B2
justified (adj.) ,C1
justify (v.) ,B2
k (abbr. kilometer) ,A2
keen (adj.) ,B1
keen on ,B1
keep (v.) ,A2
"key (n.), (adj.) ",A1
keyboard (n.) ,A2
"kick (v.), (n.) ",A1
kid (n.) ,B1
kill (v.) ,A2
killing (n.) ,B1
kilogram (BrE also kilogramme) (also kilo) (n.) (abbr. kg) ,A2
"kilometre (BrE) (NAmE kilometer) (n.) (abbr. k, km) ",A2
"kind (n.), (adj.) ",A1
kindly (adv.) ,B1
kindness (n.) ,B2
king (n.) ,A2
"kiss (v.), (n.) ",A2
kitchen (n.) ,A1
km (abbr. kilometer) ,A2
knee (n.) ,B1
knife (n.) ,A1
knit (v.) ,B1
knitted (adj.) ,B1
knitting (n.) ,B1
"knock (v.), (n.) ",B1
knot (n.) ,C2
know (v.) ,A1
knowledge (n.) ,B1
l abbr.litre ,A2
"label (n.), (v.) ",B1
"laboratory, lab (n.) ",B1
labour (BrE) (NAmE labor) (n.) ,C1
"lack (n.), (v.) ",B1
lacking (adj.) ,C1
lady (n.) ,B1
lake (n.) ,A2
lamp (n.) ,A2
"land (n.), (v.) ",B1
landscape (n.) ,B1
lane (n.) ,B2
language (n.) ,A1
large (adj.) ,A2
largely (adv.) ,B2
"last (det.), (adv.), (n.), (v.) ",A1
"late (adj.), (adv.) ",A1
"later (adv.), (adj.) ",A1
"latest (adj.), (n.) ",A2
"latter (adj.), (n.) ",B2
"laugh (v.), (n.) ",A2
"launch (v.), (n.) ",B2
law (n.) ,B1
lawyer (n.) ,B1
lay (v.) ,B1
layer (n.) ,B2
lazy (adj.) ,A2
"lead (v.), (n.) ",B1
leader (n.) ,B1
leading (adj.) ,B2
leaf (n.) ,B1
league (n.) ,B1
lean (v.) ,B2
learn (v.) ,A1
"least (det.), (pron.), (adv.) ",A2
leather (n.) ,A2
leave (v.) ,A1
leave out ,B2
lecture (n.) ,B1
"left (adj.), (adv.), (n.) ",A2
leg (n.) ,A1
legal (adj.) ,B2
legally (adv.) ,B2
lemon (n.) ,A2
lend (v.) ,A2
length (n.) ,B1
"less (det.), (pron.), (adv.) ",A2
lesson (n.) ,A1
let (v.) ,A2
letter (n.) ,A1
"level (n.), (adj.) ",A2
library (n.) ,A2
licence (BrE) (NAmE license) (n.) ,A2
license (v.) ,A2
lid (n.) ,B2
"lie (v.), (n.) ",A2
life (n.) ,A1
"lift (v.), (n.) ",A2
"light (n.), (adj.), (v.) ",A1
lightly (adv.) ,B1
"like (prep.), (v.), (conj.) ",A1
"likely (adj.), (adv.) ",B1
"limit (n.), (v.) ",B1
limited (adj.) ,B1
line (n.) ,A2
"link (n.), (v.) ",B1
lip (n.) ,B1
"liquid (n.), (adj.) ",B1
"list (n.), (v.) ",A2
listen (to) (v.) ,A1
literature (n.) ,B1
litre (BrE) (NAmE liter) (n.) (abbr. l) ,A2
"little (adj.), (det.), (pron.), (adv.) ",A1
"live (adj.), (adv.) ",B1
live (v.) ,A1
lively (adj.) ,B1
living (adj.) ,B2
"load (n.), (v.) ",B1
loan (n.) ,B1
local (adj.) ,B1
locally (adv.) ,B2
locate (v.) ,B2
located (adj.) ,B1
location (n.) ,B1
"lock (v.), (n.) ",B1
logic (n.) ,C1
logical (adj.) ,B2
lonely (adj.) ,B1
"long (adj.), (adv.) ",A1
"look (v.), (n.) ",A1
look after (especially BrE) ,A2
look at ,B2
look for ,B2
look forward to ,B1
loose (adj.) ,B1
loosely (adv.) ,B2
lord (n.) ,B2
lorry (n.) (BrE) ,B1
lose (v.) ,A2
loss (n.) ,B2
lost (adj.) ,A2
"lot: a lot (of) (also lots (of)) (pron.), (det.), (adv.) ",A1
"loud (adj.), (adv.) ",A2
loudly (adv.) ,B1
"love (n.), (v.) ",A1
lovely (adj.) ,A2
lover (n.) ,B1
"low (adj.), (adv.) ",A2
loyal (adj.) ,B2
luck (n.) ,A2
lucky (adj.) ,A2
luggage (n.) (especially BrE) ,A2
lump (n.) ,C2
lunch (n.) ,A1
lung (n.) ,B2
machine (n.) ,A2
machinery (n.) ,C1
mad (adj.) ,A2
magazine (n.) ,A2
"magic (n.), (adj.) ",A2
"mail (n.), (v.) ",A1
main (adj.) ,B1
mainly (adv.) ,B1
maintain (v.) ,B2
major (adj.) ,B2
majority (n.) ,B2
"make (v.), (n.) ",A1
make friends (with) ,B1
make fun of ,B2
make sth up ,B1
make sure ,A2
make-up (n.) ,A2
"male (adj.), (n.) ",B1
mall (n.) (especially NAmE) ,B1
man (n.) ,A1
manage (v.) ,B1
management (n.) ,B2
manager (n.) ,A2
manner (n.) ,B2
"manufacture (v.), (n.) ",B2
manufacturer (n.) ,B2
manufacturing (n.) ,B2
"many (det.), (pron.)",A1
map (n.) ,A2
March (n.) (abbr. Mar.) ,A1
"march (v.), (n.) ",C1
"mark (n.), (v.) ",A2
market (n.) ,A2
marketing (n.) ,B2
marriage (n.) ,B1
married (adj.) ,A2
marry (v.) ,B1
"mass (n.), (adj.) ",B2
massive (adj.) ,B2
master (n.) ,B2
"match (n.), (v.) ",A2
matching (adj.) ,B2
"mate (n.), (v.) ",B1
"material (n.), (adj.) ",B1
"mathematics (also maths BrE, math NAmE) (n.) ",A2
"matter (n.), (v.) ",A2
"maximum (adj.), (n.) ",B1
may (modal) (v.) ,A2
May (n.) ,A1
maybe (adv.) ,A2
mayor (n.) ,B2
me (pron.),A1
meal (n.) ,A1
mean (v.) ,A2
meaning (n.) ,B1
means (n.) ,B2
meanwhile (adv.) ,B1
"measure (v.), (n.) ",B2
measurement (n.) ,B2
meat (n.) ,A1
media (n.) ,B2
medical (adj.) ,B2
medicine (n.) ,A2
"medium (adj.), (n.) ",B1
meet (v.) ,A1
meeting (n.) ,A2
melt (v.) ,B2
member (n.) ,A2
membership (n.) ,B1
memory (n.) ,A2
mental (adj.) ,B2
mentally (adv.) ,B2
mention (v.) ,B1
menu (n.) ,A2
mere (adj.) ,B2
merely (adv.) ,B2
mess (n.) ,B1
message (n.) ,A1
metal (n.) ,B1
method (n.) ,B1
metre (BrE) (NAmE meter) (n.) ,A2
mg (abbr. milligram),B1
mid- combining form ,B2
midday (n.) ,A2
"middle (n.), (adj.) ",A2
midnight (n.) ,A2
might (modal) (v.) ,A2
mild (adj.) ,B1
mile (n.) ,B1
military (adj.) ,B2
milk (n.) ,A1
milligram (BrE also milligramme) (n.) (abbr. mg) ,B1
millimetre (NAmE millimeter) (n.) (abbr. mm) ,B1
"mind (n.), (v.) ",B1
"mine (pron.), (n.) ",A2
"mineral (n.), (adj.) ",A2
"minimum (adj.), (n.) ",B1
minister (n.) ,B2
ministry (n.) ,C1
minor (adj.) ,B2
minority (n.) ,B2
minute (n.) ,A1
mirror (n.) ,A2
Miss (n.) ,A1
"miss (v.), (n.) ",A2
missing (adj.) ,A2
"mistake (n.), (v.) ",A2
mistaken (adj.) ,C1
"mix (v.), (n.) ",A2
mixed (adj.) ,A2
mixture (n.) ,B2
mm (abbr. millimetre),B1
mobile (adj.) ,A1
mobile phone (also mobile) (n.) (BrE) ,A1
model (n.) ,A2
modern (adj.) ,A2
mom (NAmE) (BrE mum) (n.),A1
moment (n.) ,A2
Monday (n.) (abbr. Mo(n.)) ,A1
money (n.) ,A1
"monitor (n.), (v.) ",B2
month (n.) ,A1
mood (n.) ,B1
moon (n.) ,A2
moral (adj.) ,B2
morally (adv.) ,B2
"more (det.), (pron.), (adv.) ",A1
moreover (adv.) ,B2
morning (n.) ,A1
"most (det.), (pron.), (adv.) ",A2
mostly (adv.) ,B1
mother (n.) ,A1
motion (n.) ,C2
motor (n.) ,B2
motorcycle (BrE also motorbike) (n.) ,A2
"mount (v.), (n.) ",C2
mountain (n.) ,A2
mouse (n.) ,A2
mouth (n.) ,A1
"move (v.), (n.) ",A2
movement (n.) ,B2
movie (n.) (especially NAmE) ,A1
movie theater (n.) (NAmE) ,A2
moving (adj.) ,B2
"Mr (BrE) (also Mr. NAmE, BrE) (abbr.) ",A1
"Mrs (BrE) (also Mrs. NAmE, BrE) (abbr.) ",A1
"Ms (BrE) (also Ms. NAmE, BrE) (abbr.) ",A2
"much (det.), (pron.), (adv.) ",A1
mud (n.) ,B2
multiply (v.) ,B2
mum (BrE) (NAmE mom) (n.) ,A1
"murder (n.), (v.) ",B1
muscle (n.) ,B2
museum (n.) ,A1
music (n.) ,A1
musical (adj.) ,A2
musician (n.) ,B1
must (v.) ,A2
my (det.) ,A1
myself (pron.),A2
mysterious (adj.) ,B2
mystery (n.) ,B1
nail (n.) ,B2
naked (adj.) ,B2
"name (n.), (v.) ",A1
narrow (adj.) ,B1
nation (n.) ,B2
national (adj.) ,A2
natural (adj.) ,B1
naturally (adv.) ,B2
nature (n.) ,A2
navy (n.) ,B2
"near (adj.), (adv.), (prep.) ",A1
"nearby (adj.), (adv.) ",B1
nearly (adv.) ,A2
neat (adj.) ,B1
neatly (adv.) ,C1
necessarily (adv.) ,B2
necessary (adj.) ,B1
neck (n.) ,A2
"need (v.), (modal) (v.), (n.) ",A1
needle (n.) ,B2
negative (adj.) ,A2
neighbour (BrE) (NAmE neighbor) (n.) ,A2
neighbourhood (BrE) (NAmE neighborhood) (n.) ,B1
"neither (det.), (pron.), (adv.) ",B2
nephew (n.) ,B1
nerve (n.) ,C1
nervous (adj.) ,B1
nervously (adv.) ,B2
"nest (n.), (v.) ",C2
net (n.) ,A2
network (n.) ,B2
never (adv.) ,A1
nevertheless (adv.) ,B2
new (adj.) ,A1
newly (adv.) ,B2
news (n.) ,A2
newspaper (n.) ,A1
"next (adj.), (adv.), (n.) ",A1
next to (prep.) ,A2
nice (adj.) ,A1
nicely (adv.) ,B2
niece (n.) ,B1
night (n.) ,A1
"no (exclamation), (det.) ",A1
"no one, nobody ",A2
No. (also no.) (abbr. number) ,A1
nobody (also no one) (pron.),A2
noise (n.) ,A1
noisily (adv.) ,B1
noisy (adj.) ,A2
non- (prefix) ,B2
none (pron.),B1
nonsense (n.) ,B2
"nor (conj.), (adv.) ",B2
"normal (adj.), (n.) ",A2
normally (adv.) ,B1
"north (n.), (adj.), (adv.) ",A2
northern (adj.) ,B1
nose (n.) ,A1
not (adv.) ,A1
"note (n.), (v.) ",A1
nothing (pron.),A2
"notice (n.), (v.) ",A2
noticeable (adj.) ,C1
novel (n.) ,B1
November (n.) (abbr. No(v.)) ,A1
now (adv.) ,A1
nowhere (adv.) ,B1
nuclear (adj.) ,B2
"number (abbr. No., no.) (n.) ",A1
nurse (n.) ,A2
nut (n.) ,B2
o’clock (adv.) ,A1
obey (v.) ,B2
"object (n.), (v.) ",B1
"objective (n.), (adj.) ",B2
observation (n.) ,B2
observe (v.) ,B2
obtain (v.) ,B2
obvious (adj.) ,B1
obviously (adv.) ,B1
occasion (n.) ,B1
occasionally (adv.) ,B2
occupied (adj.) ,B2
occupy (v.) ,B2
occur (v.) ,B2
ocean (n.) ,B1
October (n.) (abbr. Oct.) ,A1
odd (adj.) ,B2
oddly (adv.) ,C2
of (prep.) ,A1
of course ,A1
"off (adv.), (prep.) ",A2
offence (BrE) (NAmE offense) (n.) ,B2
offend (v.) ,B2
offensive (adj.) ,B2
"offer (v.), (n.) ",A2
office (n.) ,A2
officer (n.) ,B1
"official (adj.), (n.) ",B2
officially (adv.) ,C1
often (adv.) ,A1
oh (exclamation) ,A1
oil (n.) ,A2
"OK (also okay) (exclamation), (adj.), (adv.) ",A1
old (adj.) ,A1
old-fashioned (adj.) ,B1
"on (prep.), (adv.) ",A1
on board ,B1
on purpose ,B1
"once (adv.), (conj.) ",A2
"one (number), (det.), (pron.)",A1
"one another, each other ",B1
onion (n.) ,A2
"only (adj.), (adv.) ",A1
onto (prep.) ,B1
"open (adj.), (v.) ",A1
opening (n.) ,B2
openly (adv.) ,C1
operate (v.) ,B1
operation (n.) ,B1
opinion (n.) ,B1
opponent (n.) ,B2
opportunity (n.) ,B1
oppose (v.) ,B2
opposed to ,C1
opposing (adj.) ,B2
"opposite (adj.), (adv.), (n.), (prep.) ",A2
opposition (n.) ,C1
option (n.) ,B1
or (conj.) ,A1
"orange (n.), (adj.) ",A1
"order (n.), (v.) ",A2
ordinary (adj.) ,B1
organ (n.) ,C1
organization (BrE also -isation) (n.) ,B1
organize (BrE also -ise) (v.) ,B1
organized (adj.) ,B2
origin (n.) ,B2
"original (adj.), (n.) ",B1
originally (adv.) ,B2
"other (adj.), (pron.)",A1
otherwise (adv.) ,B1
ought to (modal) (v.) ,B1
our (det.) ,A1
ours (pron.),A2
ourselves (pron.),A2
"out (of) (adv.), (prep.) ",A2
outdoor (adj.) ,B1
outdoors (adv.) ,B1
outer (adj.) ,B2
"outline (v.), (n.) ",B2
output (n.) ,C2
"outside (n.), (adj.), (prep.), (adv.) ",A1
outstanding (adj.) ,B2
oven (n.) ,B1
"over (adv.), (prep.) ",A2
"overall (adj.), (adv.) ",B2
overcome (v.) ,B2
owe (v.) ,B1
"own (adj.), (pron.), (v.) ",A2
owner (n.) ,B1
"p (abbr. page, penny) ",A1
p.m. (NAmE also P.M.) (abbr.) ,A1
pace (n.) ,B2
"pack (v.), (n.) ",A2
"package (n.), (v.) ",B2
packaging (n.) ,B2
packet (n.) ,B1
page (n.) (abbr. p) ,A1
pain (n.) ,A2
painful (adj.) ,B1
"paint (n.), (v.) ",A1
painter (n.) ,A2
painting (n.) ,A2
pair (n.) ,A1
palace (n.) ,B1
pale (adj.) ,A2
pan (n.) ,B1
panel (n.) ,C1
pants (n.) ,B1
paper (n.) ,A1
parallel (adj.) ,C2
parent (n.) ,A1
"park (n.), (v.) ",A1
parliament (n.) ,B2
part (n.) ,A1
particular (adj.) ,B2
particularly (adv.) ,B1
partly (adv.) ,B1
partner (n.) ,A2
partnership (n.) ,B2
party (n.) ,A1
pass (v.) ,A2
passage (n.) ,B2
passenger (n.) ,A2
"passing (n.), (adj.) ",B1
passport (n.) ,A2
"past (adj.), (n.), (prep.), (adv.) ",A2
path (n.) ,A2
patience (n.) ,B2
"patient (n.), (adj.) ",B1
pattern (n.) ,B1
"pause (v.), (n.) ",B1
"pay (v.), (n.) ",A1
pay attention ,B1
payment (n.) ,B2
peace (n.) ,B1
peaceful (adj.) ,B1
peak (n.) ,B1
pen (n.) ,A1
pence (n.) ,A2
pencil (n.) ,A1
penny ,B1
penny (n.) (abbr. p) ,B1
pension (n.) ,B2
people (n.) ,A1
pepper (n.) ,A2
per (prep.) ,A2
"per cent (NAmE usually percent) (n.), (adj.), (adv.) ",B1
perfect (adj.) ,A2
perfectly (adv.) ,B1
perform (v.) ,B1
performance (n.) ,B1
performer (n.) ,B1
perhaps (adv.) ,A2
period (n.) ,B1
permanent (adj.) ,B1
permanently (adv.) ,B2
permission (n.) ,B1
permit (v.) ,B1
person (n.) ,A1
personal (adj.) ,B1
personality (n.) ,B2
personally (adv.) ,B1
persuade (v.) ,B1
pet (n.) ,A1
petrol (n.) (BrE) ,A2
phase (n.) ,B2
philosophy (n.) ,B2
"phone, telephone ",A1
"photocopy (n.), (v.) ",B1
"photograph (n.), (v.) (also photo (n.)) ",A2
photographer (n.) ,A2
photography (n.) ,A2
phrase (n.) ,B1
physical (adj.) ,B2
physically (adv.) ,B2
physics (n.) ,A2
piano (n.) ,A2
pick (v.) ,B1
pick sth up ,A2
picture (n.) ,A1
piece (n.) ,A2
pig (n.) ,A1
"pile (n.), (v.) ",B1
pill (n.) ,B1
pilot (n.) ,A2
"pin (n.), (v.) ",B1
"pink (adj.), (n.) ",A2
pint (n.) (abbr. pt) ,B2
pipe (n.) ,B1
pitch (n.) ,B2
pity (n.) ,B2
"place (n.), (v.) ",A1
plain (adj.) ,B1
"plan (n.), (v.) ",A2
plane (n.) ,A1
planet (n.) ,B1
planning (n.) ,B2
"plant (n.), (v.) ",A1
"plastic (n.), (adj.) ",A2
plate (n.) ,A1
platform (n.) ,A2
"play (v.), (n.) ",A1
player (n.) ,A1
pleasant (adj.) ,A2
pleasantly (adv.) ,B1
"please (exclamation), (v.) ",A1
pleased (adj.) ,A2
pleasing (adj.) ,A2
pleasure (n.) ,B1
"plenty (pron.), (adv.), (n.), (det.) ",B1
"plot (n.), (v.) ",B2
plug (n.) ,B1
"plus (prep.), (n.), (adj.), (conj.) ",A2
pocket (n.) ,A2
poem (n.) ,B1
poetry (n.) ,B1
"point (n.), (v.) ",B1
pointed (adj.) ,B2
"poison (n.), (v.) ",B2
poisonous (adj.) ,B2
pole (n.) ,C2
police (n.) ,A2
policy (n.) ,B2
"polish (n.), (v.) ",B2
polite (adj.) ,A2
politely (adv.) ,B1
political (adj.) ,B1
politically (adv.) ,C1
politician (n.) ,B1
politics (n.) ,B1
pollution (n.) ,B1
pool (n.) ,A2
poor (adj.) ,A1
"pop (n.), (v.) ",A2
popular (adj.) ,A2
population (n.) ,B1
port (n.) ,B1
"pose (v.), (n.) ",C1
position (n.) ,B1
positive (adj.) ,B1
possess (v.) ,C1
possession (n.) ,B2
possibility (n.) ,B1
possible (adj.) ,A1
possibly (adv.) ,A2
"post (n.), (v.) ",A2
post office (n.) ,A2
pot (n.) ,B1
potato (n.) ,A1
"potential (adj.), (n.) ",B2
potentially (adv.) ,B2
pound (n.) ,A2
pour (v.) ,B1
powder (n.) ,B1
power (n.) ,B1
powerful (adj.) ,B1
practical (adj.) ,B2
practically (adv.) ,B2
"practice (n.) (BrE, NAmE), (v.) (NAmE) ",A2
practise (v.) (BrE) ,A1
"praise (n.), (v.) ",B2
prayer (n.) ,B1
precise (adj.) ,B2
precisely (adv.) ,B2
predict (v.) ,B1
prefer (v.) ,A2
preference (n.) ,B2
pregnant (adj.) ,B1
premises (n.) ,C1
preparation (n.) ,B2
prepare (v.) ,A2
prepared (adj.) ,A2
presence (n.) ,B2
"present (adj.), (n.), (v.) ",A1
presentation (n.) ,B1
preserve (v.) ,B2
president (n.) ,B1
"press (n.), (v.) ",B1
pressure (n.) ,B2
presumably (adv.) ,B2
pretend (v.) ,B2
"pretty (adv.), (adj.) ",A2
prevent (v.) ,B1
previous (adj.) ,B1
previously (adv.) ,B1
price (n.) ,A2
pride (n.) ,B2
priest (n.) ,B1
primarily (adv.) ,B2
primary (adj.) ,B2
prime minister (n.) ,B2
prince (n.) ,B1
princess (n.) ,B1
principle (n.) ,C1
"print (v.), (n.) ",A2
printer (n.) ,A2
printing (n.) ,A2
prior (adj.) ,C1
priority (n.) ,B2
prison (n.) ,B1
prisoner (n.) ,B1
private (adj.) ,B1
privately (adv.) ,B2
prize (n.) ,A2
probable (adj.) ,B2
probably (adv.) ,A2
problem (n.) ,A2
procedure (n.) ,B2
proceed (v.) ,C1
"process (n.), (v.) ",B2
produce (v.) ,B1
producer (n.) ,B2
product (n.) ,B1
production (n.) ,B2
profession (n.) ,B1
"professional (adj.), (n.) ",B1
professor (n.) ,B1
profit (n.) ,B2
"program (n.), (v.) ",A2
programme (n.) (BrE) ,A2
"progress (n.), (v.) ",B1
"project (n.), (v.) ",A2
"promise (v.), (n.) ",B1
promote (v.) ,B1
promotion (n.) ,B2
"prompt (adj.), (v.) ",B2
promptly (adv.) ,B2
pronounce (v.) ,B1
pronunciation (n.) ,B1
proof (n.) ,B2
proper (adj.) ,B1
properly (adv.) ,B1
property (n.) ,B1
proportion (n.) ,C1
proposal (n.) ,B2
propose (v.) ,B2
prospect (n.) ,B2
protect (v.) ,B1
protection (n.) ,B2
"protest (n.), (v.) ",B2
proud (adj.) ,B1
proudly (adv.) ,B2
prove (v.) ,B1
provide (v.) ,B1
provided (also providing) (conj.) ,B2
pt (abbr. pint) ,B2
pub (n.) ,A2
"public (adj.), (n.) ",B1
publication (n.) ,B2
publicity (n.) ,B2
publicly (adv.) ,C1
publish (v.) ,B1
publishing (n.) ,B1
"pull (v.), (n.) ",A2
"punch (v.), (n.) ",B2
punish (v.) ,B1
punishment (n.) ,B2
pupil (n.) (especially BrE) ,A2
"purchase (n.), (v.) ",B2
pure (adj.) ,B1
purely (adv.) ,C1
"purple (adj.), (n.) ",A2
purpose (n.) ,B1
pursue (v.) ,C1
"push (v.), (n.) ",A2
put (v.) ,A1
put sth on ,A2
put sth out ,B1
qualification (n.) ,B1
qualified (adj.) ,B1
qualify (v.) ,B2
quality (n.) ,B1
quantity (n.) ,B1
quarter (n.) ,A1
queen (n.) ,A2
"question (n.), (v.) ",A1
quick (adj.) ,A1
quickly (adv.) ,A2
quiet (adj.) ,A2
quietly (adv.) ,B1
quit (v.) ,B1
quite (adv.) ,A2
quote (v.) ,C1
"race (n.), (v.) ",A2
racing (n.) ,A2
radio (n.) ,A1
rail (n.) ,B1
railway (BrE) (NAmE railroad) (n.) ,A2
"rain (n.), (v.) ",A1
raise (v.) ,B1
range (n.) ,B1
"rank (n.), (v.) ",C1
rapid (adj.) ,B2
rapidly (adv.) ,B2
rare (adj.) ,B1
rarely (adv.) ,B1
"rate (n.), (v.) ",B1
rather (adv.) ,B1
rather than ,B1
raw (adj.) ,B1
re- (prefix) ,B2
reach (v.) ,B1
react (v.) ,B2
reaction (n.) ,B2
read (v.) ,A1
reader (n.) ,B1
reading (n.) ,A1
ready (adj.) ,A1
real (adj.) ,A2
realistic (adj.) ,B1
reality (n.) ,B2
realize (BrE also -ise) (v.) ,B1
really (adv.) ,A1
"really, real ",A2
"rear (n.), (adj.) ",B2
reason (n.) ,A2
reasonable (adj.) ,B1
reasonably (adv.) ,B1
recall (v.) ,B2
receipt (n.) ,A2
receive (v.) ,A2
recent (adj.) ,B1
recently (adv.) ,B1
reception (n.) ,B1
reckon (v.) ,B2
recognition (n.) ,C2
recognize (BrE also -ise) (v.) ,B1
recommend (v.) ,B1
"record (n.), (v.) ",A2
recording (n.) ,B1
recover (v.) ,B1
"red (adj.), (n.) ",A1
reduce (v.) ,B1
reduction (n.) ,B2
refer to (v.) ,B2
reference (n.) ,B2
reflect (v.) ,B2
"reform (v.), (n.) ",C2
refrigerator (n.) ,A1
refusal (n.) ,C1
refuse (v.) ,B1
"regard (v.), (n.) ",B2
regarding (prep.) ,B1
region (n.) ,B1
regional (adj.) ,B2
"register (v.), (n.) ",B1
"regret (v.), (n.) ",B1
regular (adj.) ,B1
regularly (adv.) ,B1
regulation (n.) ,B2
reject (v.) ,B2
relate (v.) ,C2
related (to) (adj.) ,C1
relation (n.) ,B1
relationship (n.) ,B1
"relative (adj.), (n.) ",B1
relatively (adv.) ,B2
relax (v.) ,B1
relaxed (adj.) ,B1
relaxing (adj.) ,B1
"release (v.), (n.) ",B2
relevant (adj.) ,B2
relief (n.) ,B2
religion (n.) ,B1
religious (adj.) ,B2
rely on (v.) ,B2
remain (v.) ,B1
remaining (adj.) ,B2
remains (n.) ,B2
"remark (n.), (v.) ",B2
remarkable (adj.) ,B2
remarkably (adv.) ,C1
remember (v.) ,A1
remind (v.) ,B1
remote (adj.) ,B2
removal (n.) ,B2
remove (v.) ,B1
"rent (n.), (v.) ",A2
rented (adj.) ,A2
"repair (v.), (n.) ",A2
repeat (v.) ,A2
repeated (adj.) ,C2
repeatedly (adv.) ,C1
replace (v.) ,B1
"reply (n.), (v.) ",B1
"report (v.), (n.) ",B1
represent (v.) ,B2
"representative (n.), (adj.) ",B2
reproduce (v.) ,C1
reputation (n.) ,B2
"request (n.), (v.) ",B1
require (v.) ,B1
requirement (n.) ,B2
"rescue (v.), (n.) ",B1
research (n.) ,B1
reservation (n.) ,B1
"reserve (v.), (n.) ",B1
"resident (n.), (adj.) ",B2
resist (v.) ,B2
resistance (n.) ,C2
resolve (v.) ,C1
resort (n.) ,B1
resource (n.) ,B2
"respect (n.), (v.) ",B1
respond (v.) ,B2
response (n.) ,B2
responsibility (n.) ,B2
responsible (adj.) ,B2
"rest (n.), (v.) ",A2
restaurant (n.) ,A1
restore (v.) ,B2
restrict (v.) ,C1
restricted (adj.) ,C1
restriction (n.) ,C1
"result (n.), (v.) ",B1
retain (v.) ,C2
retire (v.) ,B1
retired (adj.) ,B2
retirement (n.) ,B2
"return (v.), (n.) ",A2
reveal (v.) ,B2
"reverse (v.), (n.) ",B2
"review (n.), (v.) ",B2
revise (v.) ,B1
revision (n.) ,B1
revolution (n.) ,B2
"reward (n.), (v.) ",B1
rhythm (n.) ,B2
rice (n.) ,A1
rich (adj.) ,A2
rid (v.): get rid of ,B1
"ride (v.), (n.) ",A1
rider (n.) ,B1
ridiculous (adj.) ,B2
riding (n.) ,A2
"right (adj.), (adv.), (n.) ",A1
rightly (adv.) ,B2
"ring (n.), (v.) ",A2
"rise (n.), (v.) ",B1
"risk (n.), (v.) ",B2
"rival (n.), (adj.) ",C1
river (n.) ,A1
road (n.) ,A1
rob (v.) ,B1
rock (n.) ,A2
role (n.) ,B1
"roll (n.), (v.) ",B2
romantic (adj.) ,B1
roof (n.) ,A2
room (n.) ,A1
root (n.) ,B2
rope (n.) ,B2
rough (adj.) ,B1
roughly (adv.) ,B2
"round (adj.), (adv.), (prep.), (n.) ",A2
rounded (adj.) ,A2
route (n.) ,B1
"routine (n.), (adj.) ",B1
row (n.) ,B1
royal (adj.) ,B2
rub (v.) ,B2
rubber (n.) ,A2
rubbish (n.) (especially BrE) ,B1
rude (adj.) ,B1
rudely (adv.) ,C1
"ruin (v.), (n.) ",B1
ruined (adj.) ,B2
"rule (n.), (v.) ",B1
ruler (n.) ,A2
rumour (n.) ,B2
"run (v.), (n.) ",A1
runner (n.) ,A2
running (n.) ,A2
rural (adj.) ,B2
"rush (v.), (n.) ",B2
"sack (n.), (v.) ",B2
sad (adj.) ,A1
sadly (adv.) ,B2
sadness (n.) ,B2
safe (adj.) ,A1
safely (adv.) ,B1
safety (n.) ,B2
"sail (v.), (n.) ",B1
sailing (n.) ,B1
sailor (n.) ,B1
salad (n.) ,A2
salary (n.) ,B1
sale (n.) ,A2
salt (n.) ,A1
salty (adj.) ,B2
"same (adj.), (pron.)",A1
sample (n.) ,B2
sand (n.) ,B1
satisfaction (n.) ,B2
satisfied (adj.) ,B1
satisfy (v.) ,B2
satisfying (adj.) ,B2
Saturday (n.) (abbr. Sat.) ,A1
sauce (n.) ,A2
save (v.) ,A2
saving (n.) ,C1
say (v.) ,A1
scale (n.) ,B2
"scare (v.), (n.) ",C1
scared (adj.) ,B2
scene (n.) ,B1
"schedule (n.), (v.) ",B2
scheme (n.) ,B2
school (n.) ,A1
science (n.) ,A2
scientific (adj.) ,B1
scientist (n.) ,B1
scissors (n.) ,A2
"score (n.), (v.) ",B1
"scratch (v.), (n.) ",B2
"scream (v.), (n.) ",B1
screen (n.) ,A2
"screw (n.), (v.) ",B2
sea (n.) ,A1
"seal (n.), (v.) ",B2
"search (n.), (v.) ",B1
season (n.) ,B1
seat (n.) ,A2
"second (det.), (ordinal number), (adv.), (n.) ",A1
secondary (adj.) ,B1
"secret (adj.), (n.) ",B1
secretary (n.) ,A2
secretly (adv.) ,B1
section (n.) ,B1
sector (n.) ,C1
"secure (adj.), (v.) ",B2
security (n.) ,B1
see (v.) ,A1
seed (n.) ,B2
seek (v.) ,B2
seem (linking verb) ,B1
select (v.) ,B1
selection (n.) ,B2
self- (combining form),B2
self (n.) ,C1
sell (v.) ,A2
senate (n.) ,C2
senator (n.) ,C2
send (v.) ,A1
"senior (adj.), (n.) ",B2
sense (n.) ,B1
sensible (adj.) ,B1
sensitive (adj.) ,B2
sentence (n.) ,A1
"separate (adj.), (v.) ",B1
separated (adj.) ,B2
separately (adv.) ,B2
separation (n.) ,B2
September (n.) (abbr. Sept.) ,A1
series (n.) ,B1
serious (adj.) ,B1
seriously (adv.) ,B1
servant (n.) ,B2
serve (v.) ,A2
service (n.) ,B1
session (n.) ,B1
"set (n.), (v.) ",B1
set fire to ,C2
settle (v.) ,B2
"several (det.), (pron.)",A2
severe (adj.) ,B2
severely (adv.) ,B2
sew (v.) ,B1
sewing (n.) ,C1
sex (n.) ,B1
sexual (adj.) ,B2
sexually (adv.) ,B2
shade (n.) ,B1
shadow (n.) ,B1
"shake (v.), (n.) ",B1
shall (modal) (v.) ,A2
shallow (adj.) ,B2
shame (n.) ,C1
"shape (n.), (v.) ",B1
shaped (adj.) ,B2
"share (v.), (n.) ",A2
sharp (adj.) ,B1
sharply (adv.) ,B2
shave (v.) ,B1
she (pron.),A1
sheep (n.) ,A1
sheet (n.) ,A2
shelf (n.) ,A2
shell (n.) ,B2
"shelter (n.), (v.) ",B2
"shift (v.), (n.) ",B2
shine (v.) ,B1
shiny (adj.) ,B1
ship (n.) ,A2
shirt (n.) ,A1
"shock (n.), (v.) ",B1
shocked (adj.) ,B1
shocking (adj.) ,B1
shoe (n.) ,A1
shoot (v.) ,B1
shooting (n.) ,B2
"shop (n.), (v.) ",A1
shopping (n.) ,A1
short (adj.) ,A1
shortly (adv.) ,B1
shot (n.) ,B2
should (modal) (v.) ,A2
shoulder (n.) ,B1
"shout (v.), (n.) ",A2
"show (v.), (n.) ",A1
shower (n.) ,A1
"shut (v.), (adj.) ",A2
shy (adj.) ,B1
sick (adj.) ,A2
side (n.) ,A2
"sideways (adj.), (adv.) ",C2
sight (n.) ,B1
"sign (n.), (v.) ",A2
"signal (n.), (v.) ",B2
signature (n.) ,B1
significant (adj.) ,B2
significantly (adv.) ,B2
silence (n.) ,B1
silent (adj.) ,B1
silk (n.) ,B1
silly (adj.) ,B1
"silver (n.), (adj.) ",A2
similar (adj.) ,B1
similarly (adv.) ,C1
simple (adj.) ,A2
simply (adv.) ,B2
"since (prep.), (conj.), (adv.) ",A2
sincere (adj.) ,C1
sincerely (adv.) ,C1
sing (v.) ,A1
singer (n.) ,A2
singing (n.) ,A2
single (adj.) ,A2
sink (v.) ,A2
Sir (n.) ,B1
sister (n.) ,A1
sit (v.) ,A1
sit down ,A2
site (n.) ,A1
situation (n.) ,B1
size (n.) ,A2
-sized ,B2
skilful (BrE) (NAmE skillful) (adj.) ,B2
skilfully (BrE) (NAmE skillfully) (adv.) ,B2
skill (n.) ,B1
skilled (adj.) ,B2
skin (n.) ,B1
skirt (n.) ,A1
sky (n.) ,A2
"sleep (v.), (n.) ",A1
sleeve (n.) ,B1
"slice (n.), (v.) ",A2
slide (v.) ,B2
slight (adj.) ,B2
slightly (adv.) ,B2
slip (v.) ,B1
"slope (n.), (v.) ",B2
slow (adj.) ,A1
slowly (adv.) ,A2
small (adj.) ,A1
smart (adj.) ,B1
"smash (v.), (n.) ",B2
"smell (v.), (n.) ",B1
"smile (v.), (n.) ",B1
"smoke (n.), (v.) ",A1
smoking (n.) ,A1
smooth (adj.) ,B1
smoothly (adv.) ,B2
snake (n.) ,A2
"snow (n.), (v.) ",A1
"so (adv.), (conj.) ",A2
so that ,B1
soap (n.) ,A2
social (adj.) ,B1
socially (adv.) ,B2
society (n.) ,B1
sock (n.) ,A2
soft (adj.) ,A2
softly (adv.) ,B1
software (n.) ,A2
soil (n.) ,B2
soldier (n.) ,B1
"solid (adj.), (n.) ",B2
solution (n.) ,B1
solve (v.) ,B1
"some (det.), (pron.)",A1
somebody (also someone) (pron.),A2
somehow (adv.) ,B1
something (pron.),A1
sometimes (adv.) ,A1
somewhat (adv.) ,C1
somewhere (adv.) ,A2
son (n.) ,A1
song (n.) ,A2
soon (adv.) ,A1
sore (adj.) ,B1
sorry (adj.) ,A1
"sort (n.), (v.) ",A2
soul (n.) ,A2
"sound (n.), (v.) ",A2
soup (n.) ,A1
sour (adj.) ,B1
source (n.) ,B2
"south (n.), (adj.), (adv.) ",A2
southern (adj.) ,B1
space (n.) ,A2
"spare (adj.), (n.) ",B1
speak (v.) ,A1
speaker (n.) ,A2
special (adj.) ,A2
specialist (n.) ,B2
specially (adv.) ,B1
specific (adj.) ,B2
specifically (adv.) ,C1
speech (n.) ,B1
speed (n.) ,B1
"spell (v.), (n.) ",A2
spelling (n.) ,A2
spend (v.) ,A2
spice (n.) ,B1
spicy (adj.) ,B1
spider (n.) ,B1
spin (v.) ,C1
spirit (n.) ,B2
spiritual (adj.) ,B2
spite (n.): in spite of ,B1
"split (v.), (n.) ",B2
spoil (v.) ,B1
spoken (adj.) ,A2
"spoken, speak ",A2
spoon (n.) ,A2
sport (n.) ,A1
spot (n.) ,B1
"spray (n.), (v.) ",B2
spread (v.) ,B2
spring (n.) ,A2
"square (adj.), (n.) ",A2
"squeeze (v.), (n.) ",B2
"stable (adj.), (n.) ",C1
staff (n.) ,A2
stage (n.) ,A2
stair (n.) ,A2
"stamp (n.), (v.) ",A2
"stand (v.), (n.) ",A2
stand up ,B2
"standard (n.), (adj.) ",B2
"star (n.), (v.) ",A2
"stare (v.), (n.) ",B2
"start (v.), (n.) ",A1
"state (n.), (adj.), (v.) ",B2
statement (n.) ,B2
station (n.) ,A1
statue (n.) ,B1
status (n.) ,C1
"stay (v.), (n.) ",A1
steadily (adv.) ,B2
steady (adj.) ,B2
steal (v.) ,A2
steam (n.) ,B2
steel (n.) ,B2
steep (adj.) ,B1
steeply (adv.) ,B2
steer (v.) ,B2
"step (n.), (v.) ",B1
"stick (v.), (n.) ",B1
stick out ,B2
sticky (adj.) ,B1
stiff (adj.) ,B2
stiffly (adv.) ,B2
"still (adv.), (adj.) ",A2
"sting (v.), (n.) ",C1
stir (v.) ,B1
stock (n.) ,B2
stomach (n.) ,A2
stone (n.) ,B1
"stop (v.), (n.) ",A1
"store (n.), (v.) ",B1
storm (n.) ,A2
story (n.) ,A2
stove (n.) ,A2
"straight (adv.), (adj.) ",A2
strain (n.) ,B2
strange (adj.) ,A2
strangely (adv.) ,B2
stranger (n.) ,B1
strategy (n.) ,B2
stream (n.) ,B1
street (n.) ,A1
strength (n.) ,B2
"stress (n.), (v.) ",B1
stressed (adj.) ,B1
stretch (v.) ,B2
strict (adj.) ,B1
strictly (adv.) ,B2
"strike (v.), (n.) ",B1
striking (adj.) ,B2
string (n.) ,B2
"strip (v.), (n.) ",C1
stripe (n.) ,B1
striped (adj.) ,B2
"stroke (n.), (v.) ",B2
strong (adj.) ,A2
strongly (adv.) ,B2
structure (n.) ,B2
"struggle (v.), (n.) ",B2
student (n.) ,A1
studio (n.) ,B1
"study (n.), (v.) ",A1
stuff (n.) ,B1
stupid (adj.) ,B1
style (n.) ,B1
subject (n.) ,A1
substance (n.) ,B2
substantial (adj.) ,B2
substantially (adv.) ,C1
"substitute (n.), (v.) ",B2
succeed (v.) ,B1
success (n.) ,B1
successful (adj.) ,B1
successfully (adv.) ,B2
"such (det.), (pron.)",A2
such as ,A2
suck (v.) ,C2
sudden (adj.) ,B2
suddenly (adv.) ,B1
suffer (v.) ,B2
suffering (n.) ,B2
sufficient (adj.) ,B2
sufficiently (adv.) ,C1
sugar (n.) ,A1
suggest (v.) ,B1
suggestion (n.) ,B1
"suit (n.), (v.) ",A2
suitable (adj.) ,B1
suitcase (n.) ,A2
suited (adj.) ,C1
sum (n.) ,B1
summary (n.) ,B2
summer (n.) ,A1
sun (n.) ,A1
Sunday (n.) (abbr. Su(n.)) ,A1
superior (adj.) ,C1
supermarket (n.) ,A1
"supply (n.), (v.) ",B2
"support (n.), (v.) ",B2
supporter (n.) ,B1
suppose (v.) ,A2
"sure (adj.), (adv.) ",A2
surely (adv.) ,B2
surface (n.) ,B2
surname (n.) (especially BrE) ,A2
"surprise (n.), (v.) ",A2
surprised (adj.) ,A2
surprising (adj.) ,B1
surprisingly (adv.) ,B1
surround (v.) ,B1
surrounding (adj.) ,B1
surroundings (n.) ,B2
"survey (n.), (v.) ",B2
survive (v.) ,B2
"suspect (v.), (n.) ",B2
suspicion (n.) ,B2
suspicious (adj.) ,B2
swallow (v.) ,B2
swear (v.) ,B2
swearing (n.) ,B2
"sweat (n.), (v.) ",B2
sweater (n.) ,A2
sweep (v.) ,B2
"sweet (adj.), (n.) ",A1
swell (v.) ,C1
swelling (n.) ,C1
swim (v.) ,A1
swimming (n.) ,A2
swimming pool (n.) ,A1
"swing (n.), (v.) ",B2
"switch (n.), (v.) ",B1
switch sth off ,B1
switch sth on ,B1
swollen (adj.) ,B2
"swollen, swell ",B2
symbol (n.) ,B2
sympathetic (adj.) ,B2
sympathy (n.) ,B2
system (n.) ,B1
table (n.) ,A1
tablet (n.) ,B1
"tackle (v.), (n.) ",B2
tail (n.) ,B2
take (sth) over ,B2
take (v.) ,A1
take action ,B2
take advantage of ,B1
take care (of) ,B1
take notice of ,B2
take part (in) ,B1
take place ,B1
take sth off ,A2
"talk (v.), (n.) ",A1
tall (adj.) ,A1
tank (n.) ,C1
"tap (v.), (n.). ",B1
tape (n.) ,A2
target (n.) ,B2
task (n.) ,B2
"taste (n.), (v.) ",B1
"tax (n.), (v.) ",B1
taxi (n.) ,A1
tea (n.) ,A1
teach (v.) ,A1
teacher (n.) ,A1
teaching (n.) ,A1
team (n.) ,A2
tear (n.) ,B1
"tear (v.), (n.) ",B1
technical (adj.) ,B2
technique (n.) ,B1
technology (n.) ,B1
"telephone (also phone) (n.), (v.) ",A1
television (also TV) (n.) ,A1
tell (v.) ,A1
temperature (n.) ,A2
temporarily (adv.) ,B2
temporary (adj.) ,B1
tend (v.) ,B2
tendency (n.) ,C1
tension (n.) ,B2
tent (n.) ,B1
term (n.) ,A2
terrible (adj.) ,A2
terribly (adv.) ,B1
"test (n.), (v.) ",A1
text (n.) ,A2
"than (prep.), (conj.) ",A1
thank (v.) ,A2
"thank you (exclamation), (n.) ",A1
"thanks (exclamation), (n.) ",B2
"that (det.), (pron.), (conj.) ",A1
the (definite article) ,A1
the rest ,A2
the Web (n.) ,A2
theatre (BrE) (NAmE theater) (n.) ,A2
their (det.) ,A1
theirs (pron.),A2
them (pron.),A1
theme (n.) ,B2
themselves (pron.),A2
then (adv.) ,A1
theory (n.) ,B2
there (adv.) ,A1
therefore (adv.) ,B1
they (pron.),A1
thick (adj.) ,B1
thickly (adv.) ,B2
thickness (n.) ,B2
thief (n.) ,B1
thin (adj.) ,A2
thing (n.) ,A1
think (v.) ,A1
thinking (n.) ,A2
thirsty (adj.) ,A2
"this (det.), (pron.)",A1
thorough (adj.) ,B2
thoroughly (adv.) ,B2
"though (conj.), (adv.) ",B1
thought (n.) ,B1
thread (n.) ,C2
threat (n.) ,B2
threaten (v.) ,B2
threatening (adj.) ,B2
throat (n.) ,B1
"through (prep.), (adv.) ",A2
"throughout (prep.), (adv.) ",C1
throw (v.) ,A2
throw sth away ,B1
thumb (n.) ,B1
"Thursday (n.) (abbr. Thur., Thurs.) ",A1
thus (adv.) ,B2
ticket (n.) ,A1
"tidy (adj.), (v.) ",A2
"tie (v.), (n.) ",A2
tie sth up ,B2
"tight (adj.), (adv.) ",B1
tightly   ,B2
"till, until ",A1
time (n.) ,A1
timetable (n.) (especially BrE) ,A2
tin (n.) ,B1
tiny (adj.) ,B1
"tip (n.), (v.) ",B1
"tire (v.) (BrE, NAmE), (n.) (NAmE) (BrE tyre) ",A2
tired (adj.) ,A1
tiring (adj.) ,B1
title (n.) ,B1
"to (prep.), infinitive marker ",A1
"today (adv.), (n.) ",A1
toe (n.) ,A2
together (adv.) ,A1
toilet (n.) ,A1
tomato (n.) ,A1
"tomorrow (adv.), (n.) ",A1
ton (n.) ,B2
tone (n.) ,B2
tongue (n.) ,B1
"tonight (adv.), (n.) ",A1
tonne (n.) ,B2
too (adv.) ,A1
tool (n.) ,B2
tooth (n.) ,A1
"top (n.), (adj.) ",A2
topic (n.) ,B1
"total (adj.), (n.) ",B1
totally (adv.) ,B1
"touch (v.), (n.) ",B1
tough (adj.) ,B2
"tour (n.), (v.) ",A2
tourist (n.) ,A2
towards (also toward especially in NAmE) (prep.) ,B1
towel (n.) ,A2
tower (n.) ,B1
town (n.) ,A1
"toy (n.), (adj.) ",A2
"trace (v.), (n.) ",B2
track (n.) ,B1
"trade (n.), (v.) ",B1
trading (n.) ,B2
tradition (n.) ,B2
traditional (adj.) ,B1
traditionally (adv.) ,B2
traffic (n.) ,A2
"train (n.), (v.) ",A1
training (n.) ,B1
"transfer (v.), (n.) ",B1
transform (v.) ,B2
translate (v.) ,B1
translation (n.) ,B1
transparent (adj.) ,B2
transport (n.) (BrE) (NAmE transportation) ,B1
"transport (v.) (BrE, NAmE) ",B2
"trap (n.), (v.) ",B2
"travel (v.), (n.) ",A1
traveller (BrE) (NAmE traveler) (n.) ,B1
treat (v.) ,B2
treatment (n.) ,B2
tree (n.) ,A1
trend (n.) ,B1
trial (n.) ,B2
triangle (n.) ,B2
"trick (n.), (v.) ",B1
"trip (n.), (v.) ",A2
tropical (adj.) ,B2
trouble (n.) ,B1
trousers (n.) (especially BrE) ,A1
truck (n.) (especially NAmE) ,B1
true (adj.) ,A2
truly (adv.) ,B2
"trust (n.), (v.) ",B1
truth (n.) ,B2
try (v.) ,A2
tube (n.) ,B1
"Tuesday (n.) (abbr. Tue., Tues.) ",A1
"tune (n.), (v.) ",A2
tunnel (n.) ,B1
"turn (v.), (n.) ",A2
"TV, television ",A1
twice (adv.) ,A2
"twin (n.), (adj.) ",B1
"twist (v.), (n.) ",C1
twisted (adj.) ,B2
"type (n.), (v.) ",A2
typical (adj.) ,B1
typically (adv.) ,B1
tyre (n.) (BrE) (NAmE tire) ,A2
ugly (adj.) ,B1
ultimate (adj.) ,B2
ultimately (adv.) ,C1
umbrella (n.) ,A2
unable (adj.)  (opposite = able),B1
unacceptable (adj.)  (opposite = acceptable) ,B2
uncertain (adj.)  (opposite = certain),B2
uncle (n.) ,A2
uncomfortable (adj.) (opposite = comfortable),B1
unconscious (adj.) (opposite = conscious),B2
uncontrolled (adj.) (opposite = controlled),B2
"under (prep.), (adv.) ",A1
under control ,B2
"underground (adj.), (adv.) ",A2
"underneath (prep.), (adv.) ",B1
understand (v.) ,A1
understanding (n.) ,B2
"underwater (adj.), (adv.) ",B2
underwear (n.) ,B1
undo (v.)  (opposite = do),B2
unemployed (adj.) (opposite = employed),B1
unemployment (n.) (opposite = unemployment),B1
unexpected (adj.) (opposite = expected),B1
unexpectedly (adv.) ,B2
unfair (adj.) (opposite = fair),B1
unfairly (adv.) ,B2
unfortunate (adj.) ,B2
unfortunately (adv.) ,A2
unfriendly (adj.) (opposite = friendly),B1
unhappiness (n.) (opposite = happiness),B2
unhappy (adj.)  (opposite = happy),A2
"uniform (n.), (adj.) ",A2
unimportant (adj.)  (opposite = important),B1
union (n.) ,B1
unique (adj.) ,B2
unit (n.) ,B1
unite (v.) ,C1
united (adj.) ,B2
universe (n.) ,B1
university (n.) ,A1
unkind (adj.) (opposite = kind),B1
unknown (adj.)  (opposite = known),B1
unless (conj.) ,B1
"unlike (prep.), (adj.) (opposite = like)",B2
unlikely (adj.) (opposite = likely),B1
unload (v.)  (opposite = load),C1
unlucky (adj.) (opposite = lucky),B1
unnecessary (adj.) (opposite = necessary),B1
unpleasant (adj.)  (opposite = pleasant),B1
unreasonable (adj.)  (opposite = reasonable),B2
unsteady (adj.) (opposite = steady),B2
unsuccessful (adj.) (opposite = successful),B2
untidy (adj.) (opposite = tidy),B1
"until (also till) (conj.), (prep.) ",A1
unusual (adj.)  (opposite = usual),A2
unusually (adv.)  (opposite = usually),B2
unwilling (adj.) (opposite = willing),B2
unwillingly (adv.)  (opposite = unwillingly),C1
"up (adv.), (prep.) ",A1
upon (prep.) ,B2
upper (adj.) ,B1
"upset (v.), (adj.) ",A2
upsetting (adj.) ,A2
upside down (adv.) ,B2
"upstairs (adv.), (adj.), (n.) ",A2
upward (adj.) ,C1
upwards (also upward especially in NAmE) (adv.) ,C1
urban (adj.) ,B2
"urge (v.), (n.) ",C2
urgent (adj.) ,B1
us (pron.),A1
"use (v.), (n.) ",A1
used (adj.) ,A2
used to (modal) (v.) ,B1
used to sth/to doing sth ,B1
useful (adj.) ,A2
useless (adj.) ,B1
user (n.) ,B1
usual (adj.) ,B1
usually (adv.) ,A2
vacation (n.) ,A1
valid (adj.) ,B2
valley (n.) ,B1
valuable (adj.) ,B1
"value (n.), (v.) ",B1
van (n.) ,B1
variation (n.) ,B2
varied (adj.) ,B2
variety (n.) ,A2
various (adj.) ,A2
vary (v.) ,B2
vast (adj.) ,B2
vegetable (n.) ,A1
vehicle (n.) ,B1
"venture (n.), (v.) ",C2
version (n.) ,B2
vertical (adj.) ,C1
very (adv.) ,A1
via (prep.) ,B1
victim (n.) ,B2
victory (n.) ,B2
video (n.) ,A2
"view (n.), (v.) ",A2
village (n.) ,A1
violence (n.) ,B2
violent (adj.) ,B2
violently (adv.) ,B2
virtually (adv.) ,B2
virus (n.) ,B1
visible (adj.) ,B2
vision (n.) ,B2
"visit (v.), (n.) ",A1
visitor (n.) ,A2
vital (adj.) ,B2
vocabulary (n.) ,A2
voice (n.) ,B1
volume (n.) ,B1
"vote (n.), (v.) ",B1
wage (n.) ,B1
waist (n.) ,B2
wait (v.) ,A1
"waiter, waitress (n.) ",A1
wake (up) (v.) ,A1
"walk (v.), (n.) ",A1
walking (n.) ,A2
wall (n.) ,A1
wallet (n.) ,A2
"wander (v.), (n.) ",B2
want (v.) ,A1
war (n.) ,A2
"warm (adj.), (v.) ",A1
warmth (n.) ,B2
warn (v.) ,B1
warning (n.) ,B1
wash (v.) ,A1
washing (n.) ,A2
"waste (v.), (n.), (adj.) ",B1
"watch (v.), (n.) ",A1
water (n.) ,A1
"wave (n.), (v.) ",B1
way (n.) ,A2
we (pron.),A1
weak (adj.) ,B1
weakness (n.) ,B2
wealth (n.) ,B2
weapon (n.) ,B2
wear (v.) ,A1
weather (n.) ,A1
web (n.) ,B1
website (n.) ,A1
wedding (n.) ,B1
"Wednesday (n.) (abbr. Wed., Weds.) ",A1
week (n.) ,A1
weekend (n.) ,A1
weekly (adj.) ,A2
weigh (v.) ,B1
weight (n.) ,B1
"welcome (v.), (adj.), (n.), (exclamation) ",A2
"well (adv.), (adj.), (exclamation) ",A1
well known (adj.) ,A2
"west (n.), (adj.), (adv.) ",A2
western (adj.) ,B1
wet (adj.) ,A2
"what (pron.), (det.) ",A1
"whatever (det.), (pron.)",B1
wheel (n.) ,A2
"when (adv.), (pron.), (conj.) ",A1
whenever (conj.) ,B1
"where (adv.), (conj.) ",A1
whereas (conj.) ,B2
wherever (conj.) ,B1
whether (conj.) ,B1
"which (pron.), (det.) ",A1
"while (conj.), (n.) ",A2
whilst (conj.) (especially BrE) ,B2
"whisper (v.), (n.) ",B2
"whistle (n.), (v.) ",B2
"white (adj.), (n.) ",A1
who (pron.),A1
whoever (pron.),B2
"whole (adj.), (n.) ",A2
whom (pron.),B2
"whose (det.), (pron.)",B1
why (adv.) ,A1
wide (adj.) ,A2
widely (adv.) ,B2
width (n.) ,B2
wife (n.) ,A1
wild (adj.) ,A2
wildly (adv.) ,B2
"will (modal) (v.), (n.) ",A1
willing (adj.) ,B1
willingly (adv.) ,B2
willingness (n.) ,B2
win (v.) ,A2
wind (n.) ,A1
wind (v.) ,B2
wind sth up ,B2
window (n.) ,A1
wine (n.) ,A1
wing (n.) ,B1
winner (n.) ,A2
winning (adj.) ,A2
winter (n.) ,A1
wire (n.) ,B2
wise (adj.) ,B2
"wish (v.), (n.) ",B1
with (prep.) ,A1
withdraw (v.) ,C1
within (prep.) ,B1
without (prep.) ,A2
"witness (n.), (v.) ",B2
woman (n.) ,A1
wonder (v.) ,B1
wonderful (adj.) ,A2
wood (n.) ,A2
wooden (adj.) ,A2
wool (n.) ,A2
word (n.) ,A1
"work (v.), (n.) ",A1
worker (n.) ,A2
working (adj.) ,B1
world (n.) ,A1
worried (adj.) ,A2
"worry (v.), (n.) ",A2
worrying (adj.) ,A2
"worse, worst, bad ",A2
"worship (n.), (v.) ",C1
worth (adj.) ,B1
would (modal) (v.) ,A1
"wound (n.), (v.) ",B2
wounded (adj.) ,B2
wrap (v.) ,B1
wrapping (n.) ,B1
wrist (n.) ,B2
write (v.) ,A1
writer (n.) ,B1
writing (n.) ,A1
written (adj.) ,B1
"wrong (adj.), (adv.) ",A1
wrongly (adv.) ,B2
yard (n.) ,B1
"yawn (v.), (n.) ",B2
yeah (exclamation) ,A2
year (n.) ,A1
"yellow (adj.), (n.) ",A1
"yes (exclamation), (n.) ",A1
"yesterday (adv.), (n.) ",A1
"yet (adv.), (conj.) ",A2
you (pron.),A1
young (adj.) ,A1
your (det.) ,A1
yours (pron.),A2
Yours faithfully (BrE) ,B2
Yours sincerely (BrE) ,B1
Yours Truly (NAmE) ,B1
yourself (pron.),A2
youth (n.) ,B1
zero (number) ,A2
zone (n.) ,B1